timestamp,symbol,strategy,side,amount,entry,exit,stop_loss,take_profit,status,reason,atr,pnl,commission
2025-09-29 15:45:29.391407,R_100,range,buy,1.0,999.489814,997.989064,997.490319,1001.990319,closed,sl,1.000000,-2.499489,0.998739
2025-09-29 15:48:29.391407,R_100,range,sell,1.0,997.314572,1001.313886,996.313479,1000.813479,closed,tp,1.000000,-4.998628,0.999314
2025-09-29 15:49:29.391407,R_100,range,sell,1.0,996.222779,1000.221000,995.221140,999.721140,closed,tp,1.000000,-4.996443,0.998222
2025-09-29 15:50:29.391407,R_100,range,sell,1.0,997.045322,1001.044367,996.044094,1000.544094,closed,tp,1.000000,-4.998089,0.999045
2025-09-29 15:51:29.391407,R_100,range,sell,1.0,998.107020,1002.107127,997.106324,1001.606324,closed,tp,1.000000,-5.000213,1.000107
2025-09-29 15:52:29.391407,R_100,range,sell,1.0,999.759296,1003.761055,998.759425,1003.259425,closed,tp,1.000000,-5.003520,1.001760
2025-09-29 15:53:29.391407,R_100,range,sell,1.0,999.568685,1003.570254,998.568719,1003.068719,closed,tp,1.000000,-5.003138,1.001569
2025-09-29 15:54:29.391407,R_100,range,sell,1.0,999.932849,1003.934782,998.933065,1003.433065,closed,tp,1.000000,-5.003867,1.001934
2025-09-29 15:55:29.391407,R_100,range,sell,1.0,999.932003,1003.933935,998.932219,1003.432219,closed,tp,1.000000,-5.003865,1.001933
2025-09-29 15:56:29.391407,R_100,range,sell,1.0,1001.501628,1005.505130,1000.502629,1005.002629,closed,tp,1.000000,-5.007006,1.003503
2025-09-29 15:59:29.391407,R_100,range,buy,1.0,1004.080822,1002.580072,1002.079032,1006.579032,closed,sl,1.000000,-2.504080,1.003330
2025-09-29 16:00:29.391407,R_100,range,buy,1.0,1003.943356,1002.442606,1001.941635,1006.441635,closed,sl,1.000000,-2.503943,1.003193
2025-09-29 16:01:29.391407,R_100,range,buy,1.0,1004.643045,1003.142295,1002.640974,1007.140974,closed,sl,1.000000,-2.504643,1.003893
2025-09-29 16:02:29.391407,R_100,range,buy,1.0,1002.596676,1004.593080,1000.595628,1005.095628,closed,tp,1.000000,0.992809,1.003595
2025-09-29 16:03:29.391407,R_100,range,buy,1.0,1003.645913,1002.145163,1001.644341,1006.144341,closed,sl,1.000000,-2.503646,1.002896
2025-09-29 16:06:29.391407,R_100,range,sell,1.0,1002.596046,1006.600644,1001.597595,1006.097595,closed,tp,1.000000,-5.009196,1.004598
2025-09-29 16:07:29.391407,R_100,range,sell,1.0,1002.864311,1006.869177,1001.865994,1006.365994,closed,tp,1.000000,-5.009733,1.004867
2025-09-29 16:08:29.391407,R_100,range,sell,1.0,1002.251817,1006.256070,1001.253193,1005.753193,closed,tp,1.000000,-5.008507,1.004254
2025-09-29 16:09:29.391407,R_100,range,sell,1.0,1001.855873,1005.859730,1000.857051,1005.357051,closed,tp,1.000000,-5.007715,1.003858
2025-09-29 16:11:29.391407,R_100,range,sell,1.0,999.122862,1003.123984,998.122673,1002.622673,closed,tp,1.000000,-5.002246,1.001123
2025-09-29 16:12:29.391407,R_100,range,sell,1.0,998.096964,1002.097061,997.096263,1001.596263,closed,tp,1.000000,-5.000193,1.000097
2025-09-29 16:13:29.391407,R_100,range,sell,1.0,998.254504,1002.254758,997.253881,1001.753881,closed,tp,1.000000,-5.000509,1.000255
2025-09-29 16:14:29.391407,R_100,range,sell,1.0,998.789907,1002.790696,997.789551,1002.289551,closed,tp,1.000000,-5.001580,1.000790
2025-09-29 16:15:29.391407,R_100,range,sell,1.0,998.446860,1002.447306,997.446333,1001.946333,closed,tp,1.000000,-5.000893,1.000447
2025-09-29 16:16:29.391407,R_100,range,sell,1.0,998.825965,1002.826791,997.825628,1002.325628,closed,tp,1.000000,-5.001652,1.000826
2025-09-29 16:17:29.391407,R_100,range,sell,1.0,999.962138,1003.964100,998.962369,1003.462369,closed,tp,1.000000,-5.003925,1.001963
2025-09-29 16:18:29.391407,R_100,range,sell,1.0,1000.178437,1004.180616,999.178776,1003.678776,closed,tp,1.000000,-5.004358,1.002180
2025-09-29 16:19:29.391407,R_100,range,sell,1.0,1001.502256,1005.505760,1000.503258,1005.003258,closed,tp,1.000000,-5.007007,1.003504
2025-09-29 16:20:29.391407,R_100,range,sell,1.0,1001.232560,1005.235793,1000.233426,1004.733426,closed,tp,1.000000,-5.006468,1.003234
2025-09-29 16:21:29.391407,R_100,range,sell,1.0,999.004381,1003.005386,998.004134,1002.504134,closed,tp,1.000000,-5.002009,1.001005
2025-09-29 16:30:29.391407,R_100,range,sell,1.0,993.403430,997.398830,992.400380,996.900380,closed,tp,1.000000,-4.990802,0.995401
2025-09-29 16:31:29.391407,R_100,range,sell,1.0,993.584226,997.579807,992.581267,997.081267,closed,tp,1.000000,-4.991163,0.995582
2025-09-29 16:32:29.391407,R_100,range,sell,1.0,994.299452,998.295749,993.296850,997.796850,closed,tp,1.000000,-4.992594,0.996298
2025-09-29 16:33:29.391407,R_100,range,sell,1.0,994.179019,998.175195,993.176357,997.676357,closed,tp,1.000000,-4.992353,0.996177
2025-09-29 16:34:29.391407,R_100,range,sell,1.0,994.786685,998.783469,993.784327,998.284327,closed,tp,1.000000,-4.993569,0.996785
2025-09-29 16:35:29.391407,R_100,range,sell,1.0,994.005885,998.001889,993.003137,997.503137,closed,tp,1.000000,-4.992007,0.996004
2025-09-29 16:36:29.391407,R_100,range,sell,1.0,992.462932,996.457391,991.459412,995.959412,closed,tp,1.000000,-4.988920,0.994460
2025-09-29 16:37:29.391407,R_100,range,sell,1.0,991.996604,995.990596,990.992850,995.492850,closed,tp,1.000000,-4.987986,0.993994
2025-09-29 16:38:29.391407,R_100,range,sell,1.0,991.190053,995.183239,990.185896,994.685896,closed,tp,1.000000,-4.986373,0.993187
2025-09-29 16:39:29.391407,R_100,range,sell,1.0,992.361499,996.355857,991.357928,995.857928,closed,tp,1.000000,-4.988717,0.994359
2025-09-29 16:45:29.391407,R_100,range,buy,1.0,993.448489,991.947739,991.452013,995.952013,closed,sl,1.000000,-2.493448,0.992698
2025-09-29 16:49:29.391407,R_100,range,buy,1.0,992.886459,994.892569,990.890264,995.390264,closed,tp,1.000000,1.012220,0.993890
2025-09-29 16:50:29.391407,R_100,range,buy,1.0,994.560712,993.059962,992.563680,997.063680,closed,sl,1.000000,-2.494560,0.993810
2025-09-29 16:51:29.391407,R_100,range,buy,1.0,995.273165,993.772415,993.275778,997.775778,closed,sl,1.000000,-2.495273,0.994523
2025-09-29 16:53:29.391407,R_100,range,buy,1.0,993.700215,992.199465,991.703613,996.203613,closed,sl,1.000000,-2.493700,0.992950
2025-09-29 16:54:29.391407,R_100,range,buy,1.0,993.965244,992.464494,991.968510,996.468510,closed,sl,1.000000,-2.493965,0.993215
2025-09-29 16:58:29.391407,R_100,range,sell,1.0,992.940956,996.935894,991.937675,996.437675,closed,tp,1.000000,-4.989876,0.994938
2025-09-29 17:00:29.391407,R_100,range,sell,1.0,991.906816,995.900719,990.903018,995.403018,closed,tp,1.000000,-4.987807,0.993904
2025-09-29 17:01:29.391407,R_100,range,sell,1.0,991.055067,995.048118,990.050842,994.550842,closed,tp,1.000000,-4.986102,0.993052
2025-09-29 17:02:29.391407,R_100,range,sell,1.0,991.414073,995.407483,990.410028,994.910028,closed,tp,1.000000,-4.986821,0.993411
2025-09-29 17:03:29.391407,R_100,range,sell,1.0,992.225008,996.219229,991.221369,995.721369,closed,tp,1.000000,-4.988443,0.994222
2025-09-29 17:07:29.391407,R_100,range,buy,1.0,993.577258,992.076508,991.580718,996.080718,closed,sl,1.000000,-2.493577,0.992827
2025-09-29 17:10:29.391407,R_100,range,buy,1.0,991.585107,990.084357,989.589562,994.089562,closed,sl,1.000000,-2.491585,0.990835
2025-09-29 17:11:29.391407,R_100,range,buy,1.0,990.846027,989.345277,988.850851,993.350851,closed,sl,1.000000,-2.490846,0.990096
2025-09-29 17:12:29.391407,R_100,range,buy,1.0,990.343429,988.842679,988.348505,992.848505,closed,sl,1.000000,-2.490343,0.989593
2025-09-29 17:17:29.391407,R_100,range,sell,1.0,989.450165,993.441610,988.445137,992.945137,closed,tp,1.000000,-4.982891,0.991446
2025-09-29 17:18:29.391407,R_100,range,sell,1.0,988.742728,992.733466,987.737347,992.237347,closed,tp,1.000000,-4.981475,0.990738
2025-09-29 17:19:29.391407,R_100,range,sell,1.0,987.613113,991.602720,986.607166,991.107166,closed,tp,1.000000,-4.979215,0.989608
2025-09-29 17:20:29.391407,R_100,range,sell,1.0,987.312915,991.302222,986.306819,990.806819,closed,tp,1.000000,-4.978614,0.989308
2025-09-29 17:21:29.391407,R_100,range,sell,1.0,986.257220,990.245470,985.250595,989.750595,closed,tp,1.000000,-4.976502,0.988251
2025-09-29 17:22:29.391407,R_100,range,sell,1.0,986.537646,990.526177,985.531161,990.031161,closed,tp,1.000000,-4.977063,0.988532
2025-09-29 17:23:29.391407,R_100,range,sell,1.0,986.661940,990.650595,985.655518,990.155518,closed,tp,1.000000,-4.977312,0.988656
2025-09-29 17:24:29.391407,R_100,range,sell,1.0,986.235933,990.224163,985.229298,989.729298,closed,tp,1.000000,-4.976459,0.988230
2025-09-29 17:25:29.391407,R_100,range,sell,1.0,985.888022,989.875903,984.881213,989.381213,closed,tp,1.000000,-4.975763,0.987882
2025-09-29 17:30:29.391407,R_100,range,sell,1.0,989.175571,993.166742,988.170407,992.670407,closed,tp,1.000000,-4.982342,0.991171
2025-09-29 17:32:29.391407,R_100,range,sell,1.0,986.846933,990.835774,985.840603,990.340603,closed,tp,1.000000,-4.977682,0.988841
2025-09-29 17:33:29.391407,R_100,range,sell,1.0,986.105760,990.093859,985.099060,989.599060,closed,tp,1.000000,-4.976199,0.988100
2025-09-29 17:34:29.391407,R_100,range,sell,1.0,986.140831,990.128965,985.134148,989.634148,closed,tp,1.000000,-4.976269,0.988135
2025-09-29 17:35:29.391407,R_100,range,sell,1.0,986.814022,990.802829,985.807675,990.307675,closed,tp,1.000000,-4.977616,0.988808
2025-09-29 17:36:29.391407,R_100,range,sell,1.0,985.974480,989.962448,984.967714,989.467714,closed,tp,1.000000,-4.975936,0.987968
2025-09-29 17:38:29.391407,R_100,range,sell,1.0,988.101608,992.091704,987.095906,991.595906,closed,tp,1.000000,-4.980193,0.990097
2025-09-29 17:39:29.391407,R_100,range,sell,1.0,987.330229,991.319553,986.324141,990.824141,closed,tp,1.000000,-4.978649,0.989325
2025-09-29 17:40:29.391407,R_100,range,sell,1.0,987.205962,991.195162,986.199812,990.699812,closed,tp,1.000000,-4.978400,0.989201
2025-09-29 17:45:29.391407,R_100,range,buy,1.0,988.689374,987.188624,986.695276,991.195276,closed,sl,1.000000,-2.488689,0.987939
2025-09-29 17:46:29.391407,R_100,range,buy,1.0,988.229839,986.729089,986.235971,990.735971,closed,sl,1.000000,-2.488229,0.987479
2025-09-29 17:47:29.391407,R_100,range,buy,1.0,987.065032,985.564282,985.071746,989.571746,closed,sl,1.000000,-2.487065,0.986315
2025-09-29 17:48:29.391407,R_100,range,buy,1.0,986.438972,984.938222,984.445999,988.945999,closed,sl,1.000000,-2.486439,0.985689
2025-09-29 17:49:29.391407,R_100,range,buy,1.0,985.980891,987.993903,983.988147,988.488147,closed,tp,1.000000,1.026024,0.986987
2025-09-29 17:50:29.391407,R_100,range,buy,1.0,986.591489,985.090739,984.598440,989.098440,closed,sl,1.000000,-2.486591,0.985841
2025-09-29 17:51:29.391407,R_100,range,buy,1.0,986.154239,984.653489,984.161408,988.661408,closed,sl,1.000000,-2.486154,0.985404
2025-09-29 17:52:29.391407,R_100,range,buy,1.0,986.344652,984.843902,984.351726,988.851726,closed,sl,1.000000,-2.486344,0.985594
2025-09-29 17:53:29.391407,R_100,range,buy,1.0,985.881715,984.380965,983.889021,988.389021,closed,sl,1.000000,-2.485881,0.985131
2025-09-29 17:55:29.391407,R_100,range,sell,1.0,983.971865,987.957829,982.964097,987.464097,closed,tp,1.000000,-4.971929,0.985965
2025-09-29 17:56:29.391407,R_100,range,sell,1.0,984.614448,988.601055,983.607002,988.107002,closed,tp,1.000000,-4.973215,0.986608
2025-09-29 17:58:29.391407,R_100,range,sell,1.0,986.973065,990.962032,985.966798,990.466798,closed,tp,1.000000,-4.977934,0.988968
2025-09-29 17:59:29.391407,R_100,range,sell,1.0,988.304557,992.294856,987.298956,991.798956,closed,tp,1.000000,-4.980599,0.990300
2025-09-29 18:04:29.391407,R_100,range,sell,1.0,988.645618,992.636258,987.640188,992.140188,closed,tp,1.000000,-4.981281,0.990641
2025-09-29 18:07:29.391407,R_100,range,sell,1.0,990.265904,994.258166,989.261285,993.761285,closed,tp,1.000000,-4.984523,0.992262
2025-09-29 18:08:29.391407,R_100,range,sell,1.0,990.467230,994.459693,989.462711,993.962711,closed,tp,1.000000,-4.984926,0.992463
2025-09-29 18:14:29.391407,R_100,range,buy,1.0,986.892621,988.904722,984.899422,989.399422,closed,tp,1.000000,1.024202,0.987899
2025-09-29 18:15:29.391407,R_100,range,buy,1.0,988.217928,990.228704,986.224066,990.724066,closed,tp,1.000000,1.021553,0.989223
2025-09-29 18:16:29.391407,R_100,range,buy,1.0,990.836526,992.844684,988.841355,993.341355,closed,tp,1.000000,1.016318,0.991841
2025-09-29 18:18:29.391407,R_100,range,buy,1.0,992.945436,994.951486,990.949211,995.449211,closed,tp,1.000000,1.012102,0.993948
2025-09-29 18:19:29.391407,R_100,range,buy,1.0,994.150102,996.154949,992.153276,996.653276,closed,tp,1.000000,1.009694,0.995153
2025-09-29 18:25:29.391407,R_100,range,sell,1.0,994.109783,998.105891,993.107087,997.607087,closed,tp,1.000000,-4.992215,0.996108
2025-09-29 18:29:29.391407,R_100,range,buy,1.0,994.271436,992.770686,992.274549,996.774549,closed,sl,1.000000,-2.494271,0.993521
2025-09-29 18:32:29.391407,R_100,range,buy,1.0,992.168333,990.667583,990.172497,994.672497,closed,sl,1.000000,-2.492168,0.991418
2025-09-29 18:33:29.391407,R_100,range,buy,1.0,990.699069,989.198319,988.703967,993.203967,closed,sl,1.000000,-2.490699,0.989949
2025-09-29 18:36:29.391407,R_100,range,sell,1.0,987.052662,991.041709,986.046435,990.546435,closed,tp,1.000000,-4.978094,0.989047
2025-09-29 18:38:29.391407,R_100,range,sell,1.0,986.554923,990.543472,985.548448,990.048448,closed,tp,1.000000,-4.977098,0.988549
2025-09-29 18:39:29.391407,R_100,range,sell,1.0,986.195003,990.183191,985.188347,989.688347,closed,tp,1.000000,-4.976377,0.988189
2025-09-29 18:40:29.391407,R_100,range,sell,1.0,985.850139,989.837982,984.843311,989.343311,closed,tp,1.000000,-4.975687,0.987844
2025-09-29 18:43:29.391407,R_100,range,sell,1.0,987.560823,991.550378,986.554850,991.054850,closed,tp,1.000000,-4.979110,0.989556
2025-09-29 18:44:29.391407,R_100,range,sell,1.0,987.988379,991.978362,986.982620,991.482620,closed,tp,1.000000,-4.979966,0.989983
2025-09-29 18:45:29.391407,R_100,range,sell,1.0,989.233584,993.224812,988.228448,992.728448,closed,tp,1.000000,-4.982458,0.991229
2025-09-29 18:46:29.391407,R_100,range,sell,1.0,989.928228,993.920152,988.923440,993.423440,closed,tp,1.000000,-4.983848,0.991924
2025-09-29 18:47:29.391407,R_100,range,sell,1.0,989.296634,993.287925,988.291530,992.791530,closed,tp,1.000000,-4.982584,0.991292
2025-09-29 18:48:29.391407,R_100,range,sell,1.0,988.850390,992.841235,987.845063,992.345063,closed,tp,1.000000,-4.981691,0.990846
2025-09-29 18:49:29.391407,R_100,range,sell,1.0,988.278218,992.268490,987.272604,991.772604,closed,tp,1.000000,-4.980546,0.990273
2025-09-29 18:50:29.391407,R_100,range,sell,1.0,990.197211,994.189403,989.192557,993.692557,closed,tp,1.000000,-4.984386,0.992193
2025-09-29 18:55:29.391407,R_100,range,sell,1.0,990.119992,994.112108,989.115300,993.615300,closed,tp,1.000000,-4.984231,0.992116
2025-09-29 19:00:29.391407,R_100,range,buy,1.0,987.195802,985.695052,985.202451,989.702451,closed,sl,1.000000,-2.487195,0.986445
2025-09-29 19:01:29.391407,R_100,range,buy,1.0,987.032509,985.531759,985.039239,989.539239,closed,sl,1.000000,-2.487032,0.986282
2025-09-29 19:02:29.391407,R_100,range,buy,1.0,986.687537,985.186787,984.694440,989.194440,closed,sl,1.000000,-2.486687,0.985937
2025-09-29 19:03:29.391407,R_100,range,buy,1.0,985.909551,984.408801,983.916842,988.416842,closed,sl,1.000000,-2.485909,0.985159
2025-09-29 19:04:29.391407,R_100,range,buy,1.0,985.970590,984.469840,983.977851,988.477851,closed,sl,1.000000,-2.485970,0.985220
2025-09-29 19:05:29.391407,R_100,range,buy,1.0,986.395725,984.894975,984.402773,988.902773,closed,sl,1.000000,-2.486395,0.985645
2025-09-29 19:06:29.391407,R_100,range,buy,1.0,985.286154,983.785404,983.293757,987.793757,closed,sl,1.000000,-2.485286,0.984536
2025-09-29 19:07:29.391407,R_100,range,buy,1.0,983.618990,982.118240,981.627426,986.127426,closed,sl,1.000000,-2.483619,0.982869
2025-09-29 19:08:29.391407,R_100,range,buy,1.0,983.341314,981.840564,981.349889,985.849889,closed,sl,1.000000,-2.483341,0.982591
2025-09-29 19:09:29.391407,R_100,range,buy,1.0,982.916906,981.416156,980.925693,985.425693,closed,sl,1.000000,-2.482917,0.982167
2025-09-29 19:10:29.391407,R_100,range,buy,1.0,982.505689,981.004939,980.514681,985.014681,closed,sl,1.000000,-2.482505,0.981755
2025-09-29 19:11:29.391407,R_100,range,buy,1.0,983.154486,981.653736,981.163155,985.663155,closed,sl,1.000000,-2.483154,0.982404
2025-09-29 19:12:29.391407,R_100,range,buy,1.0,983.488755,981.988005,981.497256,985.997256,closed,sl,1.000000,-2.483488,0.982738
2025-09-29 19:18:29.391407,R_100,range,sell,1.0,980.611979,984.594582,979.602531,984.102531,closed,tp,1.000000,-4.965206,0.982603
2025-09-29 19:19:29.391407,R_100,range,sell,1.0,980.082072,984.064145,979.072358,983.572358,closed,tp,1.000000,-4.964145,0.982073
2025-09-29 19:20:29.391407,R_100,range,sell,1.0,980.853694,984.836538,979.844366,984.344366,closed,tp,1.000000,-4.965689,0.982845
2025-09-29 19:21:29.391407,R_100,range,sell,1.0,981.871290,985.855152,980.862471,985.362471,closed,tp,1.000000,-4.967726,0.983863
2025-09-29 19:23:29.391407,R_100,range,sell,1.0,983.300471,987.285763,982.292367,986.792367,closed,tp,1.000000,-4.970585,0.985293
2025-09-29 19:24:29.391407,R_100,range,sell,1.0,982.635017,986.619644,981.626581,986.126581,closed,tp,1.000000,-4.969254,0.984627
2025-09-29 19:27:29.391407,R_100,range,buy,1.0,983.730133,982.229383,981.738514,986.238514,closed,sl,1.000000,-2.483730,0.982980
2025-09-29 19:28:29.391407,R_100,range,buy,1.0,982.800225,981.299475,980.809070,985.309070,closed,sl,1.000000,-2.482800,0.982050
2025-09-29 19:30:29.391407,R_100,range,buy,1.0,983.346757,981.846007,981.355330,985.855330,closed,sl,1.000000,-2.483346,0.982596
2025-09-29 19:31:29.391407,R_100,range,buy,1.0,982.761171,984.777401,980.770036,985.270036,closed,tp,1.000000,1.032461,0.983769
2025-09-29 19:32:29.391407,R_100,range,buy,1.0,985.224640,983.723890,983.232274,987.732274,closed,sl,1.000000,-2.485224,0.984474
2025-09-29 19:33:29.391407,R_100,range,buy,1.0,984.802610,983.301860,982.810454,987.310454,closed,sl,1.000000,-2.484802,0.984052
2025-09-29 19:34:29.391407,R_100,range,buy,1.0,983.351837,981.851087,981.360407,985.860407,closed,sl,1.000000,-2.483351,0.982601
2025-09-29 19:35:29.391407,R_100,range,buy,1.0,982.778301,981.277551,980.787158,985.287158,closed,sl,1.000000,-2.482778,0.982028
2025-09-29 19:36:29.391407,R_100,range,buy,1.0,983.244228,985.259976,981.252852,985.752852,closed,tp,1.000000,1.031495,0.984252
2025-09-29 19:39:29.391407,R_100,range,buy,1.0,985.734674,984.233924,983.742053,988.242053,closed,sl,1.000000,-2.485734,0.984984
2025-09-29 19:44:29.391407,R_100,range,buy,1.0,985.923960,984.423210,983.931244,988.431244,closed,sl,1.000000,-2.485924,0.985174
2025-09-29 19:45:29.391407,R_100,range,buy,1.0,986.907197,985.406447,984.913990,989.413990,closed,sl,1.000000,-2.486907,0.986157
2025-09-29 19:47:29.391407,R_100,range,buy,1.0,983.749132,982.248382,981.757504,986.257504,closed,sl,1.000000,-2.483749,0.982999
2025-09-29 19:48:29.391407,R_100,range,buy,1.0,982.804939,984.821125,980.813782,985.313782,closed,tp,1.000000,1.032373,0.983813
2025-09-29 19:53:29.391407,R_100,range,buy,1.0,983.566002,982.065252,981.574465,986.074465,closed,sl,1.000000,-2.483566,0.982816
2025-09-29 19:54:29.391407,R_100,range,buy,1.0,982.732659,984.748917,980.741538,985.241538,closed,tp,1.000000,1.032518,0.983741
2025-09-29 19:55:29.391407,R_100,range,buy,1.0,982.530010,984.546471,980.538990,985.038990,closed,tp,1.000000,1.032923,0.983538
2025-09-29 19:56:29.391407,R_100,range,buy,1.0,983.771582,985.786802,981.779942,986.279942,closed,tp,1.000000,1.030441,0.984779
2025-09-29 19:57:29.391407,R_100,range,buy,1.0,984.639112,983.138362,982.647039,987.147039,closed,sl,1.000000,-2.484639,0.983889
2025-09-29 19:58:29.391407,R_100,range,buy,1.0,985.869189,984.368439,983.876501,988.376501,closed,sl,1.000000,-2.485869,0.985119
2025-09-29 19:59:29.391407,R_100,range,buy,1.0,985.569618,984.068868,983.577079,988.077079,closed,sl,1.000000,-2.485569,0.984819
2025-09-29 20:00:29.391407,R_100,range,buy,1.0,984.774836,983.274086,982.782694,987.282694,closed,sl,1.000000,-2.484774,0.984024
2025-09-29 20:01:29.391407,R_100,range,buy,1.0,985.585815,984.085065,983.593268,988.093268,closed,sl,1.000000,-2.485585,0.984835
2025-09-29 20:02:29.391407,R_100,range,buy,1.0,985.706112,984.205362,983.713505,988.213505,closed,sl,1.000000,-2.485706,0.984956
2025-09-29 20:03:29.391407,R_100,range,buy,1.0,985.216632,983.715882,983.224270,987.724270,closed,sl,1.000000,-2.485216,0.984466
2025-09-29 20:05:29.391407,R_100,range,buy,1.0,986.101151,988.114042,984.108346,988.608346,closed,tp,1.000000,1.025784,0.987108
2025-09-29 20:06:29.391407,R_100,range,buy,1.0,986.132324,988.145185,984.139505,988.639505,closed,tp,1.000000,1.025722,0.987139
2025-09-29 20:07:29.391407,R_100,range,buy,1.0,988.750068,987.249318,986.755940,991.255940,closed,sl,1.000000,-2.488750,0.988000
2025-09-29 20:08:29.391407,R_100,range,buy,1.0,990.065386,988.564636,988.070601,992.570601,closed,sl,1.000000,-2.490065,0.989315
2025-09-29 20:09:29.391407,R_100,range,buy,1.0,988.892799,987.392049,986.898600,991.398600,closed,sl,1.000000,-2.488892,0.988142
2025-09-29 20:10:29.391407,R_100,range,buy,1.0,990.104951,988.604201,988.110145,992.610145,closed,sl,1.000000,-2.490105,0.989355
2025-09-29 20:13:29.391407,R_100,range,sell,1.0,986.730185,990.718909,985.723797,990.223797,closed,tp,1.000000,-4.977448,0.988725
2025-09-29 20:14:29.391407,R_100,range,sell,1.0,987.867034,991.856895,986.861215,991.361215,closed,tp,1.000000,-4.979723,0.989862
2025-09-29 20:15:29.391407,R_100,range,sell,1.0,986.782674,990.771450,985.776312,990.276312,closed,tp,1.000000,-4.977553,0.988777
2025-09-29 20:16:29.391407,R_100,range,sell,1.0,987.051178,991.040223,986.044951,990.544951,closed,tp,1.000000,-4.978091,0.989046
2025-09-29 20:17:29.391407,R_100,range,sell,1.0,985.876752,989.864622,984.869937,989.369937,closed,tp,1.000000,-4.975741,0.987871
2025-09-29 20:18:29.391407,R_100,range,sell,1.0,985.363446,989.350802,984.356374,988.856374,closed,tp,1.000000,-4.974713,0.987357
2025-09-29 20:19:29.391407,R_100,range,sell,1.0,984.908783,988.895685,983.901484,988.401484,closed,tp,1.000000,-4.973804,0.986902
2025-09-29 20:22:29.391407,R_100,range,buy,1.0,983.548510,982.047760,981.556981,986.056981,closed,sl,1.000000,-2.483548,0.982798
2025-09-29 20:23:29.391407,R_100,range,buy,1.0,984.462729,982.961979,982.470744,986.970744,closed,sl,1.000000,-2.484462,0.983712
2025-09-29 20:24:29.391407,R_100,range,buy,1.0,984.653384,983.152634,982.661304,987.161304,closed,sl,1.000000,-2.484653,0.983903
2025-09-29 20:25:29.391407,R_100,range,buy,1.0,984.495886,982.995136,982.503884,987.003884,closed,sl,1.000000,-2.484496,0.983746
2025-09-29 20:26:29.391407,R_100,range,buy,1.0,982.631121,984.647481,980.640051,985.140051,closed,tp,1.000000,1.032721,0.983639
2025-09-29 20:27:29.391407,R_100,range,buy,1.0,983.942565,982.441815,981.950840,986.450840,closed,sl,1.000000,-2.483942,0.983192
2025-09-29 20:31:29.391407,R_100,range,buy,1.0,984.225179,982.724429,982.233313,986.733313,closed,sl,1.000000,-2.484225,0.983475
2025-09-29 20:33:29.391407,R_100,range,sell,1.0,981.592419,985.576003,980.583461,985.083461,closed,tp,1.000000,-4.967168,0.983584
2025-09-29 20:34:29.391407,R_100,range,sell,1.0,980.635100,984.617726,979.625663,984.125663,closed,tp,1.000000,-4.965252,0.982626
2025-09-29 20:35:29.391407,R_100,range,sell,1.0,980.417176,984.399584,979.407630,983.907630,closed,tp,1.000000,-4.964816,0.982408
2025-09-29 20:36:29.391407,R_100,range,sell,1.0,982.360750,986.345102,981.352176,985.852176,closed,tp,1.000000,-4.968705,0.984353
2025-09-29 20:37:29.391407,R_100,range,sell,1.0,984.689741,988.676424,983.682333,988.182333,closed,tp,1.000000,-4.973365,0.986683
2025-09-29 20:46:29.391407,R_100,range,sell,1.0,978.489703,982.470182,977.479192,981.979192,closed,tp,1.000000,-4.960959,0.980480
2025-09-29 20:47:29.391407,R_100,range,sell,1.0,976.680242,980.658910,975.668826,980.168826,closed,tp,1.000000,-4.957338,0.978670
2025-09-29 20:48:29.391407,R_100,range,sell,1.0,977.610707,981.590307,976.599757,981.099757,closed,tp,1.000000,-4.959200,0.979601
2025-09-29 20:49:29.391407,R_100,range,sell,1.0,977.868251,981.848108,976.857429,981.357429,closed,tp,1.000000,-4.959716,0.979858
2025-09-29 20:50:29.391407,R_100,range,sell,1.0,975.331372,979.308691,974.319282,978.819282,closed,tp,1.000000,-4.954639,0.977320
2025-09-29 20:51:29.391407,R_100,range,sell,1.0,974.581250,978.557818,973.568784,978.068784,closed,tp,1.000000,-4.953138,0.976570
2025-09-29 20:54:29.391407,R_100,range,buy,1.0,973.599371,975.624758,971.612815,976.112815,closed,tp,1.000000,1.050775,0.974612
2025-09-29 20:55:29.391407,R_100,range,buy,1.0,972.927313,974.953372,970.941093,975.441093,closed,tp,1.000000,1.052119,0.973940
2025-09-29 20:56:29.391407,R_100,range,buy,1.0,973.815323,975.840494,971.828659,976.328659,closed,tp,1.000000,1.050343,0.974828
2025-09-29 20:57:29.391407,R_100,range,buy,1.0,975.294020,973.793270,973.306617,977.806617,closed,sl,1.000000,-2.475294,0.974544
2025-09-29 20:58:29.391407,R_100,range,buy,1.0,973.573141,972.072391,971.586598,976.086598,closed,sl,1.000000,-2.473573,0.972823
2025-09-29 21:01:29.391407,R_100,range,buy,1.0,973.653462,972.152712,971.666879,976.166879,closed,sl,1.000000,-2.473653,0.972903
2025-09-29 21:04:29.391407,R_100,range,buy,1.0,974.384329,972.883579,972.397380,976.897380,closed,sl,1.000000,-2.474384,0.973634
2025-09-29 21:06:29.391407,R_100,range,buy,1.0,973.372617,975.398231,971.386174,975.886174,closed,tp,1.000000,1.051228,0.974385
2025-09-29 21:12:29.391407,R_100,range,sell,1.0,971.618958,975.592563,970.605011,975.105011,closed,tp,1.000000,-4.947211,0.973606
2025-09-29 21:14:29.391407,R_100,range,buy,1.0,974.036043,972.535293,972.049268,976.549268,closed,sl,1.000000,-2.474036,0.973286
2025-09-29 21:15:29.391407,R_100,range,buy,1.0,972.834956,971.334206,970.848781,975.348781,closed,sl,1.000000,-2.472835,0.972085
2025-09-29 21:16:29.391407,R_100,range,buy,1.0,973.159836,971.659086,971.173499,975.673499,closed,sl,1.000000,-2.473159,0.972409
2025-09-29 21:17:29.391407,R_100,range,buy,1.0,972.173004,970.672254,970.187161,974.687161,closed,sl,1.000000,-2.472173,0.971423
2025-09-29 21:19:29.391407,R_100,range,buy,1.0,969.463942,967.963192,967.479453,971.979453,closed,sl,1.000000,-2.469464,0.968714
2025-09-29 21:20:29.391407,R_100,range,buy,1.0,967.986685,966.485935,966.002934,970.502934,closed,sl,1.000000,-2.467986,0.967236
2025-09-29 21:21:29.391407,R_100,range,buy,1.0,967.669914,966.169164,965.686320,970.186320,closed,sl,1.000000,-2.467670,0.966920
2025-09-29 21:22:29.391407,R_100,range,buy,1.0,968.159034,966.658284,966.175196,970.675196,closed,sl,1.000000,-2.468159,0.967409
2025-09-29 21:27:29.391407,R_100,range,sell,1.0,968.843198,972.814026,967.827862,972.327862,closed,tp,1.000000,-4.941656,0.970829
2025-09-29 21:28:29.391407,R_100,range,sell,1.0,968.443195,972.413622,967.427658,971.927658,closed,tp,1.000000,-4.940856,0.970428
2025-09-29 21:29:29.391407,R_100,range,sell,1.0,969.187403,973.158575,968.172239,972.672239,closed,tp,1.000000,-4.942345,0.971173
2025-09-29 21:30:29.391407,R_100,range,sell,1.0,968.687942,972.658614,967.672528,972.172528,closed,tp,1.000000,-4.941346,0.970673
2025-09-29 21:31:29.391407,R_100,range,sell,1.0,968.885275,972.856145,967.869960,972.369960,closed,tp,1.000000,-4.941741,0.970871
2025-09-29 21:32:29.391407,R_100,range,sell,1.0,967.816672,971.786472,966.800822,971.300822,closed,tp,1.000000,-4.939602,0.969802
2025-09-29 21:33:29.391407,R_100,range,sell,1.0,968.180298,972.150463,967.164631,971.664631,closed,tp,1.000000,-4.940330,0.970165
2025-09-29 21:34:29.391407,R_100,range,sell,1.0,969.805518,973.777309,968.790664,973.290664,closed,tp,1.000000,-4.943582,0.971791
2025-09-29 21:35:29.391407,R_100,range,sell,1.0,969.808972,973.780766,968.794119,973.294119,closed,tp,1.000000,-4.943589,0.971795
2025-09-29 21:36:29.391407,R_100,range,sell,1.0,971.702585,975.676274,970.688680,975.188680,closed,tp,1.000000,-4.947378,0.973689
2025-09-29 21:38:29.391407,R_100,range,sell,1.0,969.709036,973.680730,968.694133,973.194133,closed,tp,1.000000,-4.943389,0.971695
2025-09-29 21:39:29.391407,R_100,range,sell,1.0,969.481190,973.452656,968.466173,972.966173,closed,tp,1.000000,-4.942933,0.971467
2025-09-29 21:42:29.391407,R_100,range,sell,1.0,967.653095,971.622732,966.637164,971.137164,closed,tp,1.000000,-4.939275,0.969638
2025-09-29 21:43:29.391407,R_100,range,sell,1.0,969.187293,973.158465,968.172129,972.672129,closed,tp,1.000000,-4.942345,0.971173
2025-09-29 21:44:29.391407,R_100,range,sell,1.0,969.096368,973.067450,968.081159,972.581159,closed,tp,1.000000,-4.942163,0.971082
2025-09-29 21:45:29.391407,R_100,range,sell,1.0,967.974748,971.944706,966.958977,971.458977,closed,tp,1.000000,-4.939919,0.969960
2025-09-29 21:46:29.391407,R_100,range,sell,1.0,970.118291,974.090394,969.103593,973.603593,closed,tp,1.000000,-4.944208,0.972104
2025-09-29 21:47:29.391407,R_100,range,sell,1.0,968.242110,972.212336,967.226473,971.726473,closed,tp,1.000000,-4.940454,0.970227
2025-09-29 21:48:29.391407,R_100,range,sell,1.0,968.150679,972.120814,967.134997,971.634997,closed,tp,1.000000,-4.940271,0.970136
2025-09-29 21:50:29.391407,R_100,range,sell,1.0,968.827230,972.798042,967.811886,972.311886,closed,tp,1.000000,-4.941625,0.970813
2025-09-29 21:51:29.391407,R_100,range,sell,1.0,969.000055,972.971040,967.984797,972.484797,closed,tp,1.000000,-4.941970,0.970986
2025-09-29 21:52:29.391407,R_100,range,sell,1.0,968.499718,972.470202,967.484210,971.984210,closed,tp,1.000000,-4.940969,0.970485
2025-09-29 21:55:29.391407,R_100,range,sell,1.0,968.429274,972.399688,967.413731,971.913731,closed,tp,1.000000,-4.940828,0.970414
2025-09-29 21:57:29.391407,R_100,range,buy,1.0,970.860763,972.888888,968.875575,973.375575,closed,tp,1.000000,1.056250,0.971875
2025-09-29 21:58:29.391407,R_100,range,buy,1.0,972.204246,970.703496,970.218387,974.718387,closed,sl,1.000000,-2.472204,0.971454
2025-09-29 21:59:29.391407,R_100,range,buy,1.0,971.862596,973.889719,969.876907,974.376907,closed,tp,1.000000,1.054247,0.972876
2025-09-29 22:00:29.391407,R_100,range,buy,1.0,972.561123,971.060373,970.575085,975.075085,closed,sl,1.000000,-2.472561,0.971811
2025-09-29 22:01:29.391407,R_100,range,buy,1.0,974.160258,972.659508,972.173421,976.673421,closed,sl,1.000000,-2.474160,0.973410
2025-09-29 22:02:29.391407,R_100,range,buy,1.0,973.759403,972.258653,971.772767,976.272767,closed,sl,1.000000,-2.473759,0.973009
2025-09-29 22:03:29.391407,R_100,range,buy,1.0,972.699080,971.198330,970.712974,975.212974,closed,sl,1.000000,-2.472699,0.971949
2025-09-29 22:04:29.391407,R_100,range,buy,1.0,972.618281,971.117531,970.632215,975.132215,closed,sl,1.000000,-2.472618,0.971868
2025-09-29 22:05:29.391407,R_100,range,buy,1.0,973.920177,972.419427,971.933460,976.433460,closed,sl,1.000000,-2.473920,0.973170
2025-09-29 22:11:29.391407,R_100,range,sell,1.0,974.045194,978.021227,973.032461,977.532461,closed,tp,1.000000,-4.952066,0.976033
2025-09-29 22:12:29.391407,R_100,range,sell,1.0,974.906593,978.883488,973.894290,978.394290,closed,tp,1.000000,-4.953789,0.976895
2025-09-29 22:13:29.391407,R_100,range,sell,1.0,975.795775,979.773559,974.783917,979.283917,closed,tp,1.000000,-4.955569,0.977785
2025-09-29 22:14:29.391407,R_100,range,sell,1.0,975.739064,979.716791,974.727177,979.227177,closed,tp,1.000000,-4.955455,0.977728
2025-09-29 22:15:29.391407,R_100,range,sell,1.0,975.771034,979.748793,974.759164,979.259164,closed,tp,1.000000,-4.955519,0.977760
2025-09-29 22:16:29.391407,R_100,range,sell,1.0,976.161821,980.139972,975.150146,979.650146,closed,tp,1.000000,-4.956301,0.978151
2025-09-29 22:17:29.391407,R_100,range,sell,1.0,977.006217,980.985212,975.994964,980.494964,closed,tp,1.000000,-4.957991,0.978996
2025-09-29 22:18:29.391407,R_100,range,sell,1.0,977.799604,981.779393,976.788749,981.288749,closed,tp,1.000000,-4.959578,0.979789
2025-09-29 22:19:29.391407,R_100,range,sell,1.0,978.545642,982.526177,977.535159,982.035159,closed,tp,1.000000,-4.961071,0.980536
2025-09-29 22:20:29.391407,R_100,range,sell,1.0,979.177420,983.158587,978.167254,982.667254,closed,tp,1.000000,-4.962335,0.981168
2025-09-29 22:22:29.391407,R_100,range,buy,1.0,977.879644,976.378894,975.890948,980.390948,closed,sl,1.000000,-2.477879,0.977129
2025-09-29 22:24:29.391407,R_100,range,buy,1.0,976.288288,978.310988,974.300388,978.800388,closed,tp,1.000000,1.045400,0.977300
2025-09-29 22:29:29.391407,R_100,range,sell,1.0,978.542735,982.523268,977.532252,982.032252,closed,tp,1.000000,-4.961065,0.980533
2025-09-29 22:31:29.391407,R_100,range,sell,1.0,977.926136,981.906052,976.915344,981.415344,closed,tp,1.000000,-4.959831,0.979916
2025-09-29 22:32:29.391407,R_100,range,sell,1.0,977.683900,981.663573,976.672987,981.172987,closed,tp,1.000000,-4.959347,0.979674
2025-09-29 22:35:29.391407,R_100,range,sell,1.0,978.522685,982.503197,977.512191,982.012191,closed,tp,1.000000,-4.961025,0.980513
2025-09-29 22:36:29.391407,R_100,range,sell,1.0,978.957888,982.938836,977.947612,982.447612,closed,tp,1.000000,-4.961896,0.980948
2025-09-29 22:37:29.391407,R_100,range,sell,1.0,977.326529,981.305844,976.315436,980.815436,closed,tp,1.000000,-4.958632,0.979316
2025-09-29 22:40:29.391407,R_100,range,sell,1.0,980.527733,984.510252,979.518242,984.018242,closed,tp,1.000000,-4.965037,0.982519
2025-09-29 22:41:29.391407,R_100,range,sell,1.0,981.860167,985.844018,980.851343,985.351343,closed,tp,1.000000,-4.967703,0.983852
2025-09-29 22:42:29.391407,R_100,range,sell,1.0,981.827894,985.811713,980.819053,985.319053,closed,tp,1.000000,-4.967639,0.983820
2025-09-29 22:43:29.391407,R_100,range,sell,1.0,982.398499,986.382888,981.389944,985.889944,closed,tp,1.000000,-4.968781,0.984391
2025-09-29 22:44:29.391407,R_100,range,sell,1.0,981.771836,985.755599,980.762968,985.262968,closed,tp,1.000000,-4.967527,0.983764
2025-09-29 22:45:29.391407,R_100,range,sell,1.0,983.273095,987.258360,982.264978,986.764978,closed,tp,1.000000,-4.970531,0.985266
2025-09-29 22:46:29.391407,R_100,range,sell,1.0,983.045180,987.030217,982.036949,986.536949,closed,tp,1.000000,-4.970075,0.985038
2025-09-29 22:49:29.391407,R_100,range,sell,1.0,983.034666,987.019693,982.026430,986.526430,closed,tp,1.000000,-4.970054,0.985027
2025-09-29 22:50:29.391407,R_100,range,sell,1.0,983.531054,987.516577,982.523065,987.023065,closed,tp,1.000000,-4.971047,0.985524
2025-09-29 22:51:29.391407,R_100,range,sell,1.0,982.972661,986.957626,981.964393,986.464393,closed,tp,1.000000,-4.969930,0.984965
2025-09-29 22:52:29.391407,R_100,range,sell,1.0,983.459364,987.444815,982.451340,986.951340,closed,tp,1.000000,-4.970903,0.985452
2025-09-29 22:53:29.391407,R_100,range,sell,1.0,985.246603,989.233842,984.239473,988.739473,closed,tp,1.000000,-4.974480,0.987240
2025-09-29 22:54:29.391407,R_100,range,sell,1.0,985.090398,989.077481,984.083190,988.583190,closed,tp,1.000000,-4.974167,0.987084
2025-09-29 22:55:29.391407,R_100,range,sell,1.0,985.375628,989.362996,984.368562,988.868562,closed,tp,1.000000,-4.974738,0.987369
2025-09-29 22:56:29.391407,R_100,range,sell,1.0,986.221195,990.209410,985.214552,989.714552,closed,tp,1.000000,-4.976430,0.988215
2025-09-29 22:57:29.391407,R_100,range,sell,1.0,988.101998,992.092094,987.096296,991.596296,closed,tp,1.000000,-4.980193,0.990097
2025-09-29 22:58:29.391407,R_100,range,sell,1.0,987.147949,991.137091,986.141770,990.641770,closed,tp,1.000000,-4.978284,0.989143
2025-09-29 22:59:29.391407,R_100,range,sell,1.0,988.582603,992.573180,987.577142,992.077142,closed,tp,1.000000,-4.981155,0.990578
2025-09-29 23:00:29.391407,R_100,range,sell,1.0,988.753917,992.744666,987.748542,992.248542,closed,tp,1.000000,-4.981498,0.990749
2025-09-29 23:01:29.391407,R_100,range,sell,1.0,986.672755,990.661421,985.666338,990.166338,closed,tp,1.000000,-4.977333,0.988667
2025-09-29 23:02:29.391407,R_100,range,sell,1.0,986.218195,990.206407,985.211551,989.711551,closed,tp,1.000000,-4.976424,0.988212
2025-09-29 23:03:29.391407,R_100,range,sell,1.0,985.624570,989.612187,984.617628,989.117628,closed,tp,1.000000,-4.975236,0.987618
2025-09-29 23:04:29.391407,R_100,range,sell,1.0,985.283504,989.270781,984.276393,988.776393,closed,tp,1.000000,-4.974554,0.987277
2025-09-29 23:05:29.391407,R_100,range,sell,1.0,983.769912,987.755674,982.762043,987.262043,closed,tp,1.000000,-4.971525,0.985763
2025-09-29 23:06:29.391407,R_100,range,sell,1.0,982.359847,986.344198,981.351273,985.851273,closed,tp,1.000000,-4.968703,0.984352
2025-09-29 23:07:29.391407,R_100,range,sell,1.0,981.319188,985.302498,980.310093,984.810093,closed,tp,1.000000,-4.966621,0.983311
2025-09-29 23:09:29.391407,R_100,range,buy,1.0,980.460617,978.959867,978.470631,982.970631,closed,sl,1.000000,-2.480460,0.979710
2025-09-29 23:12:29.391407,R_100,range,sell,1.0,978.541396,982.521927,977.530911,982.030911,closed,tp,1.000000,-4.961063,0.980532
2025-09-29 23:15:29.391407,R_100,range,sell,1.0,979.501688,983.483180,978.491684,982.991684,closed,tp,1.000000,-4.962984,0.981492
2025-09-29 23:16:29.391407,R_100,range,sell,1.0,979.403739,983.385133,978.393686,982.893686,closed,tp,1.000000,-4.962788,0.981394
2025-09-29 23:19:29.391407,R_100,range,buy,1.0,981.127528,979.626778,979.137210,983.637210,closed,sl,1.000000,-2.481127,0.980377
2025-09-29 23:20:29.391407,R_100,range,buy,1.0,980.898165,979.397415,978.907961,983.407961,closed,sl,1.000000,-2.480898,0.980148
2025-09-29 23:21:29.391407,R_100,range,buy,1.0,978.634107,977.133357,976.645034,981.145034,closed,sl,1.000000,-2.478634,0.977884
2025-09-29 23:22:29.391407,R_100,range,buy,1.0,979.730309,978.229559,977.740689,982.240689,closed,sl,1.000000,-2.479730,0.978980
2025-09-29 23:23:29.391407,R_100,range,buy,1.0,978.107898,976.607148,976.119089,980.619089,closed,sl,1.000000,-2.478108,0.977358
2025-09-29 23:24:29.391407,R_100,range,buy,1.0,977.628961,976.128211,975.640391,980.140391,closed,sl,1.000000,-2.477629,0.976879
2025-09-29 23:25:29.391407,R_100,range,buy,1.0,976.290099,974.789349,974.302198,978.802198,closed,sl,1.000000,-2.476290,0.975540
2025-09-29 23:26:29.391407,R_100,range,buy,1.0,975.270892,977.294609,973.283501,977.783501,closed,tp,1.000000,1.047434,0.976283
2025-09-29 23:27:29.391407,R_100,range,buy,1.0,975.982202,978.005208,973.994455,978.494455,closed,tp,1.000000,1.046012,0.976994
2025-09-29 23:28:29.391407,R_100,range,buy,1.0,975.073073,977.096987,973.085780,977.585780,closed,tp,1.000000,1.047829,0.976085
2025-09-29 23:29:29.391407,R_100,range,buy,1.0,974.754455,976.778688,972.767321,977.267321,closed,tp,1.000000,1.048466,0.975767
2025-09-29 23:30:29.391407,R_100,range,buy,1.0,976.632437,975.131687,974.644364,979.144364,closed,sl,1.000000,-2.476632,0.975882
2025-09-29 23:31:29.391407,R_100,range,buy,1.0,976.671948,975.171198,974.683856,979.183856,closed,sl,1.000000,-2.476672,0.975922
2025-09-29 23:32:29.391407,R_100,range,buy,1.0,976.524810,975.024060,974.536792,979.036792,closed,sl,1.000000,-2.476524,0.975774
2025-09-29 23:43:29.391407,R_100,range,sell,1.0,976.577809,980.556375,975.566342,980.066342,closed,tp,1.000000,-4.957133,0.978567
2025-09-29 23:44:29.391407,R_100,range,sell,1.0,974.438150,978.414575,973.425613,977.925613,closed,tp,1.000000,-4.952852,0.976426
2025-09-29 23:49:29.391407,R_100,range,buy,1.0,974.409844,976.434421,972.422882,976.922882,closed,tp,1.000000,1.049155,0.975422
2025-09-29 23:54:29.391407,R_100,range,sell,1.0,975.255867,979.233111,974.243739,978.743739,closed,tp,1.000000,-4.954488,0.977244
2025-09-29 23:55:29.391407,R_100,range,sell,1.0,975.399010,979.376397,974.386953,978.886953,closed,tp,1.000000,-4.954775,0.977388
2025-09-29 23:56:29.391407,R_100,range,sell,1.0,975.248943,979.226179,974.236811,978.736811,closed,tp,1.000000,-4.954474,0.977238
2025-09-29 15:40:29.391407,R_100,scalp,sell,1.0,996.509670,1000.508179,995.508175,1000.008175,closed,tp,1.000000,-4.997017,0.998509
2025-09-29 15:41:29.391407,R_100,scalp,sell,1.0,996.267061,1000.265326,995.265443,999.765443,closed,tp,1.000000,-4.996532,0.998266
2025-09-29 15:48:29.391407,R_100,scalp,sell,1.0,997.314572,1001.313886,996.313479,1000.813479,closed,tp,1.000000,-4.998628,0.999314
2025-09-29 15:49:29.391407,R_100,scalp,sell,1.0,996.222779,1000.221000,995.221140,999.721140,closed,tp,1.000000,-4.996443,0.998222
2025-09-29 15:51:29.391407,R_100,scalp,buy,1.0,999.105627,1001.105520,997.106324,1001.606324,closed,tp,1.000000,0.999788,1.000106
2025-09-29 15:52:29.391407,R_100,scalp,buy,1.0,1000.759555,1002.757796,998.759425,1003.259425,closed,tp,1.000000,0.996482,1.001759
2025-09-29 15:57:29.391407,R_100,scalp,buy,1.0,1002.582027,1004.578446,1000.580986,1005.080986,closed,tp,1.000000,0.992839,1.003580
2025-09-29 15:58:29.391407,R_100,scalp,buy,1.0,1003.904745,1002.403995,1001.903043,1006.403043,closed,sl,1.000000,-2.503904,1.003154
2025-09-29 15:59:29.391407,R_100,scalp,buy,1.0,1004.080822,1002.580072,1002.079032,1006.579032,closed,sl,1.000000,-2.504080,1.003330
2025-09-29 16:09:29.391407,R_100,scalp,sell,1.0,1001.855873,1005.859730,1000.857051,1005.357051,closed,tp,1.000000,-5.007715,1.003858
2025-09-29 16:10:29.391407,R_100,scalp,sell,1.0,999.440156,1003.441596,998.440126,1002.940126,closed,tp,1.000000,-5.002881,1.001441
2025-09-29 16:11:29.391407,R_100,scalp,sell,1.0,999.122862,1003.123984,998.122673,1002.622673,closed,tp,1.000000,-5.002246,1.001123
2025-09-29 16:12:29.391407,R_100,scalp,sell,1.0,998.096964,1002.097061,997.096263,1001.596263,closed,tp,1.000000,-5.000193,1.000097
2025-09-29 16:14:29.391407,R_100,scalp,buy,1.0,999.789196,998.288446,997.789551,1002.289551,closed,sl,1.000000,-2.499789,0.999039
2025-09-29 16:17:29.391407,R_100,scalp,buy,1.0,1000.962600,999.461850,998.962369,1003.462369,closed,sl,1.000000,-2.500962,1.000212
2025-09-29 16:18:29.391407,R_100,scalp,buy,1.0,1001.179116,1003.176937,999.178776,1003.678776,closed,tp,1.000000,0.995643,1.002178
2025-09-29 16:19:29.391407,R_100,scalp,buy,1.0,1002.504260,1001.003510,1000.503258,1005.003258,closed,sl,1.000000,-2.502504,1.001754
2025-09-29 16:21:29.391407,R_100,scalp,sell,1.0,999.004381,1003.005386,998.004134,1002.504134,closed,tp,1.000000,-5.002009,1.001005
2025-09-29 16:22:29.391407,R_100,scalp,sell,1.0,997.566012,1001.565577,996.565045,1001.065045,closed,tp,1.000000,-4.999131,0.999566
2025-09-29 16:23:29.391407,R_100,scalp,sell,1.0,996.424065,1000.422488,995.422526,999.922526,closed,tp,1.000000,-4.996846,0.998423
2025-09-29 16:24:29.391407,R_100,scalp,sell,1.0,996.273533,1000.271805,995.271919,999.771919,closed,tp,1.000000,-4.996545,0.998273
2025-09-29 16:25:29.391407,R_100,scalp,sell,1.0,994.916961,998.913875,993.914668,998.414668,closed,tp,1.000000,-4.993830,0.996915
2025-09-29 16:28:29.391407,R_100,scalp,sell,1.0,993.792239,997.788029,992.789384,997.289384,closed,tp,1.000000,-4.991580,0.995790
2025-09-29 16:29:29.391407,R_100,scalp,sell,1.0,992.864456,996.859317,991.861137,996.361137,closed,tp,1.000000,-4.989723,0.994862
2025-09-29 16:31:29.391407,R_100,scalp,buy,1.0,994.578307,993.077557,992.581267,997.081267,closed,sl,1.000000,-2.494578,0.993828
2025-09-29 16:32:29.391407,R_100,scalp,buy,1.0,995.294249,993.793499,993.296850,997.796850,closed,sl,1.000000,-2.495294,0.994544
2025-09-29 16:36:29.391407,R_100,scalp,sell,1.0,992.462932,996.457391,991.459412,995.959412,closed,tp,1.000000,-4.988920,0.994460
2025-09-29 16:37:29.391407,R_100,scalp,sell,1.0,991.996604,995.990596,990.992850,995.492850,closed,tp,1.000000,-4.987986,0.993994
2025-09-29 16:38:29.391407,R_100,scalp,sell,1.0,991.190053,995.183239,990.185896,994.685896,closed,tp,1.000000,-4.986373,0.993187
2025-09-29 16:40:29.391407,R_100,scalp,buy,1.0,993.431712,991.930962,991.435244,995.935244,closed,sl,1.000000,-2.493431,0.992681
2025-09-29 16:41:29.391407,R_100,scalp,buy,1.0,993.700999,992.200249,991.704397,996.204397,closed,sl,1.000000,-2.493701,0.992951
2025-09-29 16:44:29.391407,R_100,scalp,buy,1.0,992.472517,994.479040,990.476528,994.976528,closed,tp,1.000000,1.013048,0.993476
2025-09-29 16:45:29.391407,R_100,scalp,buy,1.0,993.448489,991.947739,991.452013,995.952013,closed,sl,1.000000,-2.493448,0.992698
2025-09-29 16:46:29.391407,R_100,scalp,buy,1.0,993.677578,992.176828,991.680987,996.180987,closed,sl,1.000000,-2.493677,0.992927
2025-09-29 16:48:29.391407,R_100,scalp,sell,1.0,992.176474,996.170647,991.172810,995.672810,closed,tp,1.000000,-4.988346,0.994174
2025-09-29 16:49:29.391407,R_100,scalp,sell,1.0,991.894069,995.887959,990.890264,995.390264,closed,tp,1.000000,-4.987781,0.993891
2025-09-29 16:51:29.391407,R_100,scalp,buy,1.0,995.273165,993.772415,993.275778,997.775778,closed,sl,1.000000,-2.495273,0.994523
2025-09-29 16:52:29.391407,R_100,scalp,buy,1.0,995.313470,993.812720,993.316062,997.816062,closed,sl,1.000000,-2.495313,0.994563
2025-09-29 17:00:29.391407,R_100,scalp,sell,1.0,991.906816,995.900719,990.903018,995.403018,closed,tp,1.000000,-4.987807,0.993904
2025-09-29 17:01:29.391407,R_100,scalp,sell,1.0,991.055067,995.048118,990.050842,994.550842,closed,tp,1.000000,-4.986102,0.993052
2025-09-29 17:03:29.391407,R_100,scalp,buy,1.0,993.217729,991.716979,991.221369,995.721369,closed,sl,1.000000,-2.493217,0.992467
2025-09-29 17:04:29.391407,R_100,scalp,buy,1.0,993.302396,991.801646,991.305993,995.805993,closed,sl,1.000000,-2.493302,0.992552
2025-09-29 17:05:29.391407,R_100,scalp,buy,1.0,993.886427,992.385677,991.889732,996.389732,closed,sl,1.000000,-2.493886,0.993136
2025-09-29 17:07:29.391407,R_100,scalp,sell,1.0,992.584177,996.578758,991.580718,996.080718,closed,tp,1.000000,-4.989162,0.994581
2025-09-29 17:08:29.391407,R_100,scalp,sell,1.0,990.725127,994.717847,989.720737,994.220737,closed,tp,1.000000,-4.985442,0.992721
2025-09-29 17:11:29.391407,R_100,scalp,sell,1.0,989.855676,993.847527,988.850851,993.350851,closed,tp,1.000000,-4.983702,0.991852
2025-09-29 17:12:29.391407,R_100,scalp,sell,1.0,989.353580,993.344929,988.348505,992.848505,closed,tp,1.000000,-4.982698,0.991349
2025-09-29 17:16:29.391407,R_100,scalp,buy,1.0,992.095223,990.594473,990.099424,994.599424,closed,sl,1.000000,-2.492095,0.991345
2025-09-29 17:18:29.391407,R_100,scalp,sell,1.0,988.742728,992.733466,987.737347,992.237347,closed,tp,1.000000,-4.981475,0.990738
2025-09-29 17:19:29.391407,R_100,scalp,sell,1.0,987.613113,991.602720,986.607166,991.107166,closed,tp,1.000000,-4.979215,0.989608
2025-09-29 17:20:29.391407,R_100,scalp,sell,1.0,987.312915,991.302222,986.306819,990.806819,closed,tp,1.000000,-4.978614,0.989308
2025-09-29 17:21:29.391407,R_100,scalp,sell,1.0,986.257220,990.245470,985.250595,989.750595,closed,tp,1.000000,-4.976502,0.988251
2025-09-29 17:23:29.391407,R_100,scalp,buy,1.0,987.649095,989.660440,985.655518,990.155518,closed,tp,1.000000,1.022690,0.988655
2025-09-29 17:25:29.391407,R_100,scalp,sell,1.0,985.888022,989.875903,984.881213,989.381213,closed,tp,1.000000,-4.975763,0.987882
2025-09-29 17:27:29.391407,R_100,scalp,buy,1.0,989.206061,991.215849,987.211705,991.711705,closed,tp,1.000000,1.019577,0.990211
2025-09-29 17:28:29.391407,R_100,scalp,buy,1.0,990.676711,989.175961,988.681621,993.181621,closed,sl,1.000000,-2.490676,0.989926
2025-09-29 17:32:29.391407,R_100,scalp,sell,1.0,986.846933,990.835774,985.840603,990.340603,closed,tp,1.000000,-4.977682,0.988841
2025-09-29 17:33:29.391407,R_100,scalp,sell,1.0,986.105760,990.093859,985.099060,989.599060,closed,tp,1.000000,-4.976199,0.988100
2025-09-29 17:35:29.391407,R_100,scalp,buy,1.0,987.801329,986.300579,985.807675,990.307675,closed,sl,1.000000,-2.487801,0.987051
2025-09-29 17:38:29.391407,R_100,scalp,buy,1.0,989.090204,987.589454,987.095906,991.595906,closed,sl,1.000000,-2.489090,0.988340
2025-09-29 17:40:29.391407,R_100,scalp,sell,1.0,987.205962,991.195162,986.199812,990.699812,closed,tp,1.000000,-4.978400,0.989201
2025-09-29 17:41:29.391407,R_100,scalp,sell,1.0,986.579115,990.567687,985.572651,990.072651,closed,tp,1.000000,-4.977146,0.988573
2025-09-29 17:42:29.391407,R_100,scalp,sell,1.0,986.218620,990.206832,985.211976,989.711976,closed,tp,1.000000,-4.976425,0.988213
2025-09-29 17:43:29.391407,R_100,scalp,sell,1.0,984.826290,988.813109,983.818949,988.318949,closed,tp,1.000000,-4.973639,0.986820
2025-09-29 17:45:29.391407,R_100,scalp,buy,1.0,988.689374,987.188624,986.695276,991.195276,closed,sl,1.000000,-2.488689,0.987939
2025-09-29 17:47:29.391407,R_100,scalp,sell,1.0,986.078460,990.066532,985.071746,989.571746,closed,tp,1.000000,-4.976144,0.988072
2025-09-29 17:48:29.391407,R_100,scalp,sell,1.0,985.453026,989.440472,984.445999,988.945999,closed,tp,1.000000,-4.974893,0.987447
2025-09-29 17:49:29.391407,R_100,scalp,sell,1.0,984.995403,988.982391,983.988147,988.488147,closed,tp,1.000000,-4.973977,0.986989
2025-09-29 17:54:29.391407,R_100,scalp,sell,1.0,984.156551,988.142700,983.148875,987.648875,closed,tp,1.000000,-4.972299,0.986150
2025-09-29 17:55:29.391407,R_100,scalp,sell,1.0,983.971865,987.957829,982.964097,987.464097,closed,tp,1.000000,-4.971929,0.985965
2025-09-29 17:57:29.391407,R_100,scalp,buy,1.0,987.248065,985.747315,985.254688,989.754688,closed,sl,1.000000,-2.487248,0.986498
2025-09-29 17:58:29.391407,R_100,scalp,buy,1.0,987.960532,989.971565,985.966798,990.466798,closed,tp,1.000000,1.022067,0.988966
2025-09-29 17:59:29.391407,R_100,scalp,buy,1.0,989.293356,987.792606,987.298956,991.798956,closed,sl,1.000000,-2.489293,0.988543
2025-09-29 18:00:29.391407,R_100,scalp,buy,1.0,990.125105,988.624355,988.130290,992.630290,closed,sl,1.000000,-2.490125,0.989375
2025-09-29 18:02:29.391407,R_100,scalp,sell,1.0,988.073220,992.063287,987.067504,991.567504,closed,tp,1.000000,-4.980136,0.990068
2025-09-29 18:04:29.391407,R_100,scalp,buy,1.0,989.634758,991.644118,987.640188,992.140188,closed,tp,1.000000,1.018720,0.990639
2025-09-29 18:05:29.391407,R_100,scalp,buy,1.0,990.067058,988.566308,988.072272,992.572272,closed,sl,1.000000,-2.490067,0.989317
2025-09-29 18:08:29.391407,R_100,scalp,buy,1.0,991.458193,989.957443,989.462711,993.962711,closed,sl,1.000000,-2.491458,0.990708
2025-09-29 18:09:29.391407,R_100,scalp,buy,1.0,992.388057,990.887307,990.392111,994.892111,closed,sl,1.000000,-2.492388,0.991638
2025-09-29 18:11:29.391407,R_100,scalp,sell,1.0,989.517081,993.508593,988.512087,993.012087,closed,tp,1.000000,-4.983025,0.991513
2025-09-29 18:12:29.391407,R_100,scalp,sell,1.0,986.231331,990.219556,985.224693,989.724693,closed,tp,1.000000,-4.976450,0.988225
2025-09-29 18:16:29.391407,R_100,scalp,buy,1.0,990.836526,992.844684,988.841355,993.341355,closed,tp,1.000000,1.016318,0.991841
2025-09-29 18:17:29.391407,R_100,scalp,buy,1.0,992.268351,994.275079,990.272465,994.772465,closed,tp,1.000000,1.013456,0.993272
2025-09-29 18:18:29.391407,R_100,scalp,buy,1.0,992.945436,994.951486,990.949211,995.449211,closed,tp,1.000000,1.012102,0.993948
2025-09-29 18:19:29.391407,R_100,scalp,buy,1.0,994.150102,996.154949,992.153276,996.653276,closed,tp,1.000000,1.009694,0.995153
2025-09-29 18:20:29.391407,R_100,scalp,buy,1.0,994.635350,993.134600,992.638280,997.138280,closed,sl,1.000000,-2.494635,0.993885
2025-09-29 18:21:29.391407,R_100,scalp,buy,1.0,994.883051,993.382301,992.885858,997.385858,closed,sl,1.000000,-2.494883,0.994133
2025-09-29 18:28:29.391407,R_100,scalp,buy,1.0,995.333675,993.832925,993.336257,997.836257,closed,sl,1.000000,-2.495333,0.994583
2025-09-29 18:30:29.391407,R_100,scalp,sell,1.0,992.343186,996.337526,991.339606,995.839606,closed,tp,1.000000,-4.988680,0.994340
2025-09-29 18:31:29.391407,R_100,scalp,sell,1.0,992.088628,996.082712,991.084920,995.584920,closed,tp,1.000000,-4.988171,0.994086
2025-09-29 18:32:29.391407,R_100,scalp,sell,1.0,991.176661,995.169833,990.172497,994.672497,closed,tp,1.000000,-4.986346,0.993173
2025-09-29 18:33:29.391407,R_100,scalp,sell,1.0,989.708865,993.700569,988.703967,993.203967,closed,tp,1.000000,-4.983409,0.991705
2025-09-29 18:34:29.391407,R_100,scalp,sell,1.0,988.809882,992.800687,987.804534,992.304534,closed,tp,1.000000,-4.981610,0.990805
2025-09-29 18:35:29.391407,R_100,scalp,sell,1.0,988.455506,992.445956,987.449981,991.949981,closed,tp,1.000000,-4.980901,0.990451
2025-09-29 18:36:29.391407,R_100,scalp,sell,1.0,987.052662,991.041709,986.046435,990.546435,closed,tp,1.000000,-4.978094,0.989047
2025-09-29 18:37:29.391407,R_100,scalp,sell,1.0,985.092691,989.079776,984.085484,988.585484,closed,tp,1.000000,-4.974172,0.987086
2025-09-29 18:40:29.391407,R_100,scalp,sell,1.0,985.850139,989.837982,984.843311,989.343311,closed,tp,1.000000,-4.975687,0.987844
2025-09-29 18:44:29.391407,R_100,scalp,buy,1.0,988.976862,990.986879,986.982620,991.482620,closed,tp,1.000000,1.020036,0.989982
2025-09-29 18:45:29.391407,R_100,scalp,buy,1.0,990.223312,988.722562,988.228448,992.728448,closed,sl,1.000000,-2.490223,0.989473
2025-09-29 18:46:29.391407,R_100,scalp,buy,1.0,990.918652,989.417902,988.923440,993.423440,closed,sl,1.000000,-2.490918,0.990168
2025-09-29 18:48:29.391407,R_100,scalp,sell,1.0,988.850390,992.841235,987.845063,992.345063,closed,tp,1.000000,-4.981691,0.990846
2025-09-29 18:49:29.391407,R_100,scalp,sell,1.0,988.278218,992.268490,987.272604,991.772604,closed,tp,1.000000,-4.980546,0.990273
2025-09-29 18:51:29.391407,R_100,scalp,buy,1.0,991.617195,990.116445,989.621635,994.121635,closed,sl,1.000000,-2.491617,0.990867
2025-09-29 18:57:29.391407,R_100,scalp,sell,1.0,988.152759,992.142906,987.147082,991.647082,closed,tp,1.000000,-4.980295,0.990148
2025-09-29 18:58:29.391407,R_100,scalp,sell,1.0,987.472441,991.461907,986.466424,990.966424,closed,tp,1.000000,-4.978934,0.989467
2025-09-29 19:01:29.391407,R_100,scalp,sell,1.0,986.045970,990.034009,985.039239,989.539239,closed,tp,1.000000,-4.976079,0.988040
2025-09-29 19:02:29.391407,R_100,scalp,sell,1.0,985.701343,989.689037,984.694440,989.194440,closed,tp,1.000000,-4.975390,0.987695
2025-09-29 19:03:29.391407,R_100,scalp,sell,1.0,984.924134,988.911051,983.916842,988.416842,closed,tp,1.000000,-4.973834,0.986918
2025-09-29 19:05:29.391407,R_100,scalp,buy,1.0,986.395725,984.894975,984.402773,988.902773,closed,sl,1.000000,-2.486395,0.985645
2025-09-29 19:07:29.391407,R_100,scalp,sell,1.0,982.635863,986.620490,981.627426,986.127426,closed,tp,1.000000,-4.969256,0.984628
2025-09-29 19:08:29.391407,R_100,scalp,sell,1.0,982.358464,986.342814,981.349889,985.849889,closed,tp,1.000000,-4.968701,0.984351
2025-09-29 19:09:29.391407,R_100,scalp,sell,1.0,981.934480,985.918406,980.925693,985.425693,closed,tp,1.000000,-4.967852,0.983926
2025-09-29 19:10:29.391407,R_100,scalp,sell,1.0,981.523674,985.507189,980.514681,985.014681,closed,tp,1.000000,-4.967030,0.983515
2025-09-29 19:12:29.391407,R_100,scalp,buy,1.0,983.488755,981.988005,981.497256,985.997256,closed,sl,1.000000,-2.483488,0.982738
2025-09-29 19:16:29.391407,R_100,scalp,sell,1.0,980.845951,984.828787,979.836619,984.336619,closed,tp,1.000000,-4.965674,0.982837
2025-09-29 19:19:29.391407,R_100,scalp,sell,1.0,980.082072,984.064145,979.072358,983.572358,closed,tp,1.000000,-4.964145,0.982073
2025-09-29 19:21:29.391407,R_100,scalp,buy,1.0,982.853652,981.352902,980.862471,985.362471,closed,sl,1.000000,-2.482853,0.982103
2025-09-29 19:22:29.391407,R_100,scalp,buy,1.0,983.364883,981.864133,981.373446,985.873446,closed,sl,1.000000,-2.483365,0.982615
2025-09-29 19:23:29.391407,R_100,scalp,buy,1.0,984.284263,982.783513,982.292367,986.792367,closed,sl,1.000000,-2.484284,0.983534
2025-09-29 19:25:29.391407,R_100,scalp,sell,1.0,980.828199,984.811017,979.818858,984.318858,closed,tp,1.000000,-4.965638,0.982820
2025-09-29 19:27:29.391407,R_100,scalp,buy,1.0,983.730133,982.229383,981.738514,986.238514,closed,sl,1.000000,-2.483730,0.982980
2025-09-29 19:29:29.391407,R_100,scalp,sell,1.0,981.687872,985.671551,980.678961,985.178961,closed,tp,1.000000,-4.967359,0.983680
2025-09-29 19:34:29.391407,R_100,scalp,sell,1.0,982.368977,986.353337,981.360407,985.860407,closed,tp,1.000000,-4.968722,0.984361
2025-09-29 19:35:29.391407,R_100,scalp,sell,1.0,981.796014,985.779801,980.787158,985.287158,closed,tp,1.000000,-4.967575,0.983788
2025-09-29 19:37:29.391407,R_100,scalp,buy,1.0,984.344811,986.359459,982.352885,986.852885,closed,tp,1.000000,1.029295,0.985352
2025-09-29 19:38:29.391407,R_100,scalp,buy,1.0,986.158950,984.658200,984.166117,988.666117,closed,sl,1.000000,-2.486159,0.985409
2025-09-29 19:40:29.391407,R_100,scalp,sell,1.0,984.315983,988.302291,983.308387,987.808387,closed,tp,1.000000,-4.972618,0.986309
2025-09-29 19:43:29.391407,R_100,scalp,sell,1.0,984.549080,988.535622,983.541601,988.041601,closed,tp,1.000000,-4.973084,0.986542
2025-09-29 19:45:29.391407,R_100,scalp,buy,1.0,986.907197,985.406447,984.913990,989.413990,closed,sl,1.000000,-2.486907,0.986157
2025-09-29 19:47:29.391407,R_100,scalp,sell,1.0,982.765875,986.750632,981.757504,986.257504,closed,tp,1.000000,-4.969516,0.984758
2025-09-29 19:48:29.391407,R_100,scalp,sell,1.0,981.822625,985.806439,980.813782,985.313782,closed,tp,1.000000,-4.967628,0.983815
2025-09-29 19:52:29.391407,R_100,scalp,buy,1.0,984.654059,983.153309,982.661978,987.161978,closed,sl,1.000000,-2.484654,0.983904
2025-09-29 19:54:29.391407,R_100,scalp,sell,1.0,981.750417,985.734159,980.741538,985.241538,closed,tp,1.000000,-4.967484,0.983742
2025-09-29 19:55:29.391407,R_100,scalp,sell,1.0,981.547971,985.531510,980.538990,985.038990,closed,tp,1.000000,-4.967079,0.983540
2025-09-29 19:57:29.391407,R_100,scalp,buy,1.0,984.639112,983.138362,982.647039,987.147039,closed,sl,1.000000,-2.484639,0.983889
2025-09-29 19:58:29.391407,R_100,scalp,buy,1.0,985.869189,984.368439,983.876501,988.376501,closed,sl,1.000000,-2.485869,0.985119
2025-09-29 20:00:29.391407,R_100,scalp,sell,1.0,983.790553,987.776336,982.782694,987.282694,closed,tp,1.000000,-4.971566,0.985783
2025-09-29 20:02:29.391407,R_100,scalp,buy,1.0,985.706112,984.205362,983.713505,988.213505,closed,sl,1.000000,-2.485706,0.984956
2025-09-29 20:04:29.391407,R_100,scalp,sell,1.0,982.917917,986.902827,981.909622,986.409622,closed,tp,1.000000,-4.969820,0.984910
2025-09-29 20:06:29.391407,R_100,scalp,buy,1.0,986.132324,988.145185,984.139505,988.639505,closed,tp,1.000000,1.025722,0.987139
2025-09-29 20:07:29.391407,R_100,scalp,buy,1.0,988.750068,987.249318,986.755940,991.255940,closed,sl,1.000000,-2.488750,0.988000
2025-09-29 20:08:29.391407,R_100,scalp,buy,1.0,990.065386,988.564636,988.070601,992.570601,closed,sl,1.000000,-2.490065,0.989315
2025-09-29 20:12:29.391407,R_100,scalp,sell,1.0,987.280867,991.270142,986.274754,990.774754,closed,tp,1.000000,-4.978550,0.989276
2025-09-29 20:13:29.391407,R_100,scalp,sell,1.0,986.730185,990.718909,985.723797,990.223797,closed,tp,1.000000,-4.977448,0.988725
2025-09-29 20:18:29.391407,R_100,scalp,sell,1.0,985.363446,989.350802,984.356374,988.856374,closed,tp,1.000000,-4.974713,0.987357
2025-09-29 20:19:29.391407,R_100,scalp,sell,1.0,984.908783,988.895685,983.901484,988.401484,closed,tp,1.000000,-4.973804,0.986902
2025-09-29 20:20:29.391407,R_100,scalp,sell,1.0,984.221768,988.207982,983.214125,987.714125,closed,tp,1.000000,-4.972429,0.986215
2025-09-29 20:21:29.391407,R_100,scalp,sell,1.0,983.503290,987.488785,982.495287,986.995287,closed,tp,1.000000,-4.970991,0.985496
2025-09-29 20:22:29.391407,R_100,scalp,sell,1.0,982.565453,986.550010,981.556981,986.056981,closed,tp,1.000000,-4.969115,0.984558
2025-09-29 20:24:29.391407,R_100,scalp,buy,1.0,984.653384,983.152634,982.661304,987.161304,closed,sl,1.000000,-2.484653,0.983903
2025-09-29 20:26:29.391407,R_100,scalp,sell,1.0,981.648981,985.632621,980.640051,985.140051,closed,tp,1.000000,-4.967281,0.983641
2025-09-29 20:29:29.391407,R_100,scalp,sell,1.0,982.017155,986.001164,981.008410,985.508410,closed,tp,1.000000,-4.968018,0.984009
2025-09-29 20:31:29.391407,R_100,scalp,buy,1.0,984.225179,982.724429,982.233313,986.733313,closed,sl,1.000000,-2.484225,0.983475
2025-09-29 20:33:29.391407,R_100,scalp,sell,1.0,981.592419,985.576003,980.583461,985.083461,closed,tp,1.000000,-4.967168,0.983584
2025-09-29 20:34:29.391407,R_100,scalp,sell,1.0,980.635100,984.617726,979.625663,984.125663,closed,tp,1.000000,-4.965252,0.982626
2025-09-29 20:35:29.391407,R_100,scalp,sell,1.0,980.417176,984.399584,979.407630,983.907630,closed,tp,1.000000,-4.964816,0.982408
2025-09-29 20:37:29.391407,R_100,scalp,buy,1.0,985.674924,984.174174,983.682333,988.182333,closed,sl,1.000000,-2.485675,0.984925
2025-09-29 20:39:29.391407,R_100,scalp,sell,1.0,983.022594,987.007609,982.014352,986.514352,closed,tp,1.000000,-4.970029,0.985015
2025-09-29 20:40:29.391407,R_100,scalp,sell,1.0,982.355657,986.340005,981.347081,985.847081,closed,tp,1.000000,-4.968695,0.984348
2025-09-29 20:41:29.391407,R_100,scalp,sell,1.0,981.772789,985.756553,980.763921,985.263921,closed,tp,1.000000,-4.967529,0.983765
2025-09-29 20:46:29.391407,R_100,scalp,sell,1.0,978.489703,982.470182,977.479192,981.979192,closed,tp,1.000000,-4.960959,0.980480
2025-09-29 20:47:29.391407,R_100,scalp,sell,1.0,976.680242,980.658910,975.668826,980.168826,closed,tp,1.000000,-4.957338,0.978670
2025-09-29 20:49:29.391407,R_100,scalp,buy,1.0,978.846608,977.345858,976.857429,981.357429,closed,sl,1.000000,-2.478846,0.978096
2025-09-29 20:51:29.391407,R_100,scalp,sell,1.0,974.581250,978.557818,973.568784,978.068784,closed,tp,1.000000,-4.953138,0.976570
2025-09-29 20:52:29.391407,R_100,scalp,sell,1.0,973.800276,977.776064,972.787420,977.287420,closed,tp,1.000000,-4.951576,0.975788
2025-09-29 20:53:29.391407,R_100,scalp,sell,1.0,973.565526,977.541079,972.552552,977.052552,closed,tp,1.000000,-4.951106,0.975553
2025-09-29 20:54:29.391407,R_100,scalp,sell,1.0,972.626258,976.600871,971.612815,976.112815,closed,tp,1.000000,-4.949226,0.974614
2025-09-29 20:55:29.391407,R_100,scalp,sell,1.0,971.954872,975.928813,970.941093,975.441093,closed,tp,1.000000,-4.947883,0.973942
2025-09-29 20:57:29.391407,R_100,scalp,buy,1.0,975.294020,973.793270,973.306617,977.806617,closed,sl,1.000000,-2.475294,0.974544
2025-09-29 20:59:29.391407,R_100,scalp,sell,1.0,971.062838,975.035887,970.048612,974.548612,closed,tp,1.000000,-4.946098,0.973049
2025-09-29 21:01:29.391407,R_100,scalp,buy,1.0,973.653462,972.152712,971.666879,976.166879,closed,sl,1.000000,-2.473653,0.972903
2025-09-29 21:02:29.391407,R_100,scalp,buy,1.0,974.083089,972.582339,972.096291,976.596291,closed,sl,1.000000,-2.474083,0.973333
2025-09-29 21:03:29.391407,R_100,scalp,buy,1.0,974.765710,973.264960,972.778571,977.278571,closed,sl,1.000000,-2.474765,0.974015
2025-09-29 21:05:29.391407,R_100,scalp,sell,1.0,973.103656,977.078747,972.090451,976.590451,closed,tp,1.000000,-4.950182,0.975091
2025-09-29 21:06:29.391407,R_100,scalp,sell,1.0,972.399731,976.374117,971.386174,975.886174,closed,tp,1.000000,-4.948773,0.974387
2025-09-29 21:08:29.391407,R_100,scalp,buy,1.0,974.875534,973.374784,972.888340,977.388340,closed,sl,1.000000,-2.474875,0.974125
2025-09-29 21:09:29.391407,R_100,scalp,buy,1.0,974.877410,973.376660,972.890215,977.390215,closed,sl,1.000000,-2.474877,0.974127
2025-09-29 21:11:29.391407,R_100,scalp,sell,1.0,972.588723,976.563299,971.575261,976.075261,closed,tp,1.000000,-4.949151,0.974576
2025-09-29 21:12:29.391407,R_100,scalp,sell,1.0,971.618958,975.592563,970.605011,975.105011,closed,tp,1.000000,-4.947211,0.973606
2025-09-29 21:14:29.391407,R_100,scalp,buy,1.0,974.036043,972.535293,972.049268,976.549268,closed,sl,1.000000,-2.474036,0.973286
2025-09-29 21:18:29.391407,R_100,scalp,sell,1.0,969.384001,973.355370,968.368936,972.868936,closed,tp,1.000000,-4.942739,0.971370
2025-09-29 21:19:29.391407,R_100,scalp,sell,1.0,968.494963,972.465442,967.479453,971.979453,closed,tp,1.000000,-4.940960,0.970480
2025-09-29 21:20:29.391407,R_100,scalp,sell,1.0,967.019182,970.988185,966.002934,970.502934,closed,tp,1.000000,-4.938007,0.969004
2025-09-29 21:21:29.391407,R_100,scalp,sell,1.0,966.702727,970.671414,965.686320,970.186320,closed,tp,1.000000,-4.937373,0.968687
2025-09-29 21:23:29.391407,R_100,scalp,buy,1.0,968.917554,967.416804,966.933337,971.433337,closed,sl,1.000000,-2.468917,0.968167
2025-09-29 21:25:29.391407,R_100,scalp,sell,1.0,966.510634,970.479128,965.494131,969.994131,closed,tp,1.000000,-4.936989,0.968495
2025-09-29 21:27:29.391407,R_100,scalp,buy,1.0,969.812526,968.311776,967.827862,972.327862,closed,sl,1.000000,-2.469812,0.969062
2025-09-29 21:34:29.391407,R_100,scalp,buy,1.0,970.775809,969.275059,968.790664,973.290664,closed,sl,1.000000,-2.470775,0.970025
2025-09-29 21:35:29.391407,R_100,scalp,buy,1.0,970.779266,972.807472,968.794119,973.294119,closed,tp,1.000000,1.056413,0.971793
2025-09-29 21:36:29.391407,R_100,scalp,buy,1.0,972.674774,971.174024,970.688680,975.188680,closed,sl,1.000000,-2.472674,0.971924
2025-09-29 21:38:29.391407,R_100,scalp,sell,1.0,969.709036,973.680730,968.694133,973.194133,closed,tp,1.000000,-4.943389,0.971695
2025-09-29 21:39:29.391407,R_100,scalp,sell,1.0,969.481190,973.452656,968.466173,972.966173,closed,tp,1.000000,-4.942933,0.971467
2025-09-29 21:40:29.391407,R_100,scalp,sell,1.0,969.480804,973.452270,968.465787,972.965787,closed,tp,1.000000,-4.942932,0.971467
2025-09-29 21:41:29.391407,R_100,scalp,sell,1.0,969.070416,973.041471,968.055194,972.555194,closed,tp,1.000000,-4.942111,0.971056
2025-09-29 21:42:29.391407,R_100,scalp,sell,1.0,967.653095,971.622732,966.637164,971.137164,closed,tp,1.000000,-4.939275,0.969638
2025-09-29 21:45:29.391407,R_100,scalp,sell,1.0,967.974748,971.944706,966.958977,971.458977,closed,tp,1.000000,-4.939919,0.969960
2025-09-29 21:48:29.391407,R_100,scalp,sell,1.0,968.150679,972.120814,967.134997,971.634997,closed,tp,1.000000,-4.940271,0.970136
2025-09-29 21:53:29.391407,R_100,scalp,sell,1.0,967.643272,971.612899,966.627335,971.127335,closed,tp,1.000000,-4.939255,0.969628
2025-09-29 21:55:29.391407,R_100,scalp,buy,1.0,969.398188,971.427774,967.413731,971.913731,closed,tp,1.000000,1.059173,0.970413
2025-09-29 21:56:29.391407,R_100,scalp,buy,1.0,970.452458,972.480991,968.467474,972.967474,closed,tp,1.000000,1.057066,0.971467
2025-09-29 21:57:29.391407,R_100,scalp,buy,1.0,970.860763,972.888888,968.875575,973.375575,closed,tp,1.000000,1.056250,0.971875
2025-09-29 21:58:29.391407,R_100,scalp,buy,1.0,972.204246,970.703496,970.218387,974.718387,closed,sl,1.000000,-2.472204,0.971454
2025-09-29 22:01:29.391407,R_100,scalp,buy,1.0,974.160258,972.659508,972.173421,976.673421,closed,sl,1.000000,-2.474160,0.973410
2025-09-29 22:03:29.391407,R_100,scalp,sell,1.0,971.726867,975.700580,970.712974,975.212974,closed,tp,1.000000,-4.947427,0.973714
2025-09-29 22:04:29.391407,R_100,scalp,sell,1.0,971.646149,975.619781,970.632215,975.132215,closed,tp,1.000000,-4.947265,0.973633
2025-09-29 22:07:29.391407,R_100,scalp,sell,1.0,970.233828,974.206047,969.219188,973.719188,closed,tp,1.000000,-4.944439,0.972220
2025-09-29 22:11:29.391407,R_100,scalp,buy,1.0,975.019727,977.043694,973.032461,977.532461,closed,tp,1.000000,1.047936,0.976032
2025-09-29 22:12:29.391407,R_100,scalp,buy,1.0,975.881988,977.905093,973.894290,978.394290,closed,tp,1.000000,1.046212,0.976894
2025-09-29 22:13:29.391407,R_100,scalp,buy,1.0,976.772059,975.271309,974.783917,979.283917,closed,sl,1.000000,-2.476772,0.976022
2025-09-29 22:16:29.391407,R_100,scalp,buy,1.0,977.138472,979.160321,975.150146,979.650146,closed,tp,1.000000,1.043700,0.978149
2025-09-29 22:17:29.391407,R_100,scalp,buy,1.0,977.983712,976.482962,975.994964,980.494964,closed,sl,1.000000,-2.477983,0.977233
2025-09-29 22:18:29.391407,R_100,scalp,buy,1.0,978.777893,977.277143,976.788749,981.288749,closed,sl,1.000000,-2.478778,0.978028
2025-09-29 22:19:29.391407,R_100,scalp,buy,1.0,979.524677,978.023927,977.535159,982.035159,closed,sl,1.000000,-2.479524,0.978774
2025-09-29 22:20:29.391407,R_100,scalp,buy,1.0,980.157087,978.656337,978.167254,982.667254,closed,sl,1.000000,-2.480157,0.979407
2025-09-29 22:22:29.391407,R_100,scalp,sell,1.0,976.902253,980.881144,975.890948,980.390948,closed,tp,1.000000,-4.957783,0.978892
2025-09-29 22:23:29.391407,R_100,scalp,sell,1.0,975.320506,979.297815,974.308411,978.808411,closed,tp,1.000000,-4.954618,0.977309
2025-09-29 22:24:29.391407,R_100,scalp,sell,1.0,975.312488,979.289788,974.300388,978.800388,closed,tp,1.000000,-4.954602,0.977301
2025-09-29 22:25:29.391407,R_100,scalp,sell,1.0,975.205904,979.183097,974.193750,978.693750,closed,tp,1.000000,-4.954388,0.977195
2025-09-29 22:27:29.391407,R_100,scalp,buy,1.0,978.486102,980.506605,976.497104,980.997104,closed,tp,1.000000,1.041007,0.979496
2025-09-29 22:28:29.391407,R_100,scalp,buy,1.0,979.194190,977.693440,977.204837,981.704837,closed,sl,1.000000,-2.479194,0.978444
2025-09-29 22:29:29.391407,R_100,scalp,buy,1.0,979.521768,978.021018,977.532252,982.032252,closed,sl,1.000000,-2.479521,0.978771
2025-09-29 22:34:29.391407,R_100,scalp,buy,1.0,980.043581,978.542831,978.053804,982.553804,closed,sl,1.000000,-2.480043,0.979293
2025-09-29 22:39:29.391407,R_100,scalp,buy,1.0,979.613339,981.632716,977.623778,982.123778,closed,tp,1.000000,1.038753,0.980623
2025-09-29 22:40:29.391407,R_100,scalp,buy,1.0,981.508752,983.526233,979.518242,984.018242,closed,tp,1.000000,1.034964,0.982517
2025-09-29 22:41:29.391407,R_100,scalp,buy,1.0,982.842518,984.858667,980.851343,985.351343,closed,tp,1.000000,1.032298,0.983851
2025-09-29 22:47:29.391407,R_100,scalp,sell,1.0,982.630768,986.615390,981.622329,986.122329,closed,tp,1.000000,-4.969245,0.984623
2025-09-29 22:53:29.391407,R_100,scalp,buy,1.0,986.232342,984.731592,984.239473,988.739473,closed,sl,1.000000,-2.486232,0.985482
2025-09-29 22:56:29.391407,R_100,scalp,buy,1.0,987.207910,989.219695,985.214552,989.714552,closed,tp,1.000000,1.023572,0.988214
2025-09-29 22:57:29.391407,R_100,scalp,buy,1.0,989.090594,987.589844,987.096296,991.596296,closed,sl,1.000000,-2.489090,0.988340
2025-09-29 23:00:29.391407,R_100,scalp,buy,1.0,989.743166,988.242416,987.748542,992.248542,closed,sl,1.000000,-2.489743,0.988993
2025-09-29 23:02:29.391407,R_100,scalp,sell,1.0,986.218195,990.206407,985.211551,989.711551,closed,tp,1.000000,-4.976424,0.988212
2025-09-29 23:03:29.391407,R_100,scalp,sell,1.0,985.624570,989.612187,984.617628,989.117628,closed,tp,1.000000,-4.975236,0.987618
2025-09-29 23:04:29.391407,R_100,scalp,sell,1.0,985.283504,989.270781,984.276393,988.776393,closed,tp,1.000000,-4.974554,0.987277
2025-09-29 23:05:29.391407,R_100,scalp,sell,1.0,983.769912,987.755674,982.762043,987.262043,closed,tp,1.000000,-4.971525,0.985763
2025-09-29 23:06:29.391407,R_100,scalp,sell,1.0,982.359847,986.344198,981.351273,985.851273,closed,tp,1.000000,-4.968703,0.984352
2025-09-29 23:07:29.391407,R_100,scalp,sell,1.0,981.319188,985.302498,980.310093,984.810093,closed,tp,1.000000,-4.966621,0.983311
2025-09-29 23:08:29.391407,R_100,scalp,sell,1.0,980.330236,984.312557,979.320647,983.820647,closed,tp,1.000000,-4.964642,0.982321
2025-09-29 23:09:29.391407,R_100,scalp,sell,1.0,979.480646,983.462117,978.470631,982.970631,closed,tp,1.000000,-4.962942,0.981471
2025-09-29 23:10:29.391407,R_100,scalp,sell,1.0,978.077656,982.057723,977.066940,981.566940,closed,tp,1.000000,-4.960135,0.980068
2025-09-29 23:11:29.391407,R_100,scalp,sell,1.0,977.957549,981.937496,976.946772,981.446772,closed,tp,1.000000,-4.959894,0.979948
2025-09-29 23:13:29.391407,R_100,scalp,buy,1.0,980.097526,982.116418,978.107722,982.607722,closed,tp,1.000000,1.037785,0.981107
2025-09-29 23:14:29.391407,R_100,scalp,buy,1.0,981.037174,979.536424,979.046900,983.546900,closed,sl,1.000000,-2.481037,0.980287
2025-09-29 23:16:29.391407,R_100,scalp,sell,1.0,979.403739,983.385133,978.393686,982.893686,closed,tp,1.000000,-4.962788,0.981394
2025-09-29 23:17:29.391407,R_100,scalp,sell,1.0,979.023955,983.004969,978.013712,982.513712,closed,tp,1.000000,-4.962028,0.981014
2025-09-29 23:19:29.391407,R_100,scalp,buy,1.0,981.127528,979.626778,979.137210,983.637210,closed,sl,1.000000,-2.481127,0.980377
2025-09-29 23:21:29.391407,R_100,scalp,sell,1.0,977.655962,981.635607,976.645034,981.145034,closed,tp,1.000000,-4.959291,0.979646
2025-09-29 23:24:29.391407,R_100,scalp,sell,1.0,976.651821,980.630461,975.640391,980.140391,closed,tp,1.000000,-4.957282,0.978641
2025-09-29 23:25:29.391407,R_100,scalp,sell,1.0,975.314297,979.291599,974.302198,978.802198,closed,tp,1.000000,-4.954605,0.977303
2025-09-29 23:26:29.391407,R_100,scalp,sell,1.0,974.296109,978.272392,973.283501,977.783501,closed,tp,1.000000,-4.952568,0.976284
2025-09-29 23:29:29.391407,R_100,scalp,sell,1.0,973.780188,977.755955,972.767321,977.267321,closed,tp,1.000000,-4.951535,0.975768
2025-09-29 23:31:29.391407,R_100,scalp,buy,1.0,976.671948,975.171198,974.683856,979.183856,closed,sl,1.000000,-2.476672,0.975922
2025-09-29 23:33:29.391407,R_100,scalp,sell,1.0,975.276726,979.253991,974.264609,978.764609,closed,tp,1.000000,-4.954530,0.977265
2025-09-29 23:35:29.391407,R_100,scalp,buy,1.0,977.546281,976.045531,975.557752,980.057752,closed,sl,1.000000,-2.477546,0.976796
2025-09-29 23:38:29.391407,R_100,scalp,buy,1.0,977.057639,975.556889,975.069354,979.569354,closed,sl,1.000000,-2.477057,0.976307
2025-09-29 23:43:29.391407,R_100,scalp,buy,1.0,977.554875,976.054125,975.566342,980.066342,closed,sl,1.000000,-2.477555,0.976805
2025-09-29 23:45:29.391407,R_100,scalp,sell,1.0,972.509533,976.484029,971.496031,975.996031,closed,tp,1.000000,-4.948993,0.974497
2025-09-29 23:46:29.391407,R_100,scalp,sell,1.0,971.786098,975.759871,970.772235,975.272235,closed,tp,1.000000,-4.947545,0.973773
2025-09-29 23:48:29.391407,R_100,scalp,buy,1.0,974.090821,976.115717,972.104019,976.604019,closed,tp,1.000000,1.049793,0.975103
2025-09-29 23:49:29.391407,R_100,scalp,buy,1.0,974.409844,976.434421,972.422882,976.922882,closed,tp,1.000000,1.049155,0.975422
2025-09-29 23:52:29.391407,R_100,scalp,buy,1.0,974.785767,976.809969,972.798618,977.298618,closed,tp,1.000000,1.048404,0.975798
2025-09-29 19:11:29.391407,R_100,rsi_adv,buy,1.0,983.154486,981.653736,981.163155,985.663155,closed,sl,1.000000,-2.483154,0.982404
2025-09-29 20:57:29.391407,R_100,rsi_adv,buy,1.0,975.294020,973.793270,973.306617,977.806617,closed,sl,1.000000,-2.475294,0.974544
2025-09-29 21:23:29.391407,R_100,rsi_adv,buy,1.0,968.917554,967.416804,966.933337,971.433337,closed,sl,1.000000,-2.468917,0.968167
2025-09-29 23:30:29.391407,R_100,rsi_adv,buy,1.0,976.632437,975.131687,974.644364,979.144364,closed,sl,1.000000,-2.476632,0.975882
2025-09-29 16:24:29.391407,R_100,macd_adv,sell,1.0,996.273533,1000.271805,995.271919,999.771919,closed,tp,1.000000,-4.996545,0.998273
2025-09-29 16:27:29.391407,R_100,macd_adv,buy,1.0,996.321525,994.820775,994.323613,998.823613,closed,sl,1.000000,-2.496321,0.995571
2025-09-29 16:29:29.391407,R_100,macd_adv,sell,1.0,992.864456,996.859317,991.861137,996.361137,closed,tp,1.000000,-4.989723,0.994862
2025-09-29 16:31:29.391407,R_100,macd_adv,buy,1.0,994.578307,993.077557,992.581267,997.081267,closed,sl,1.000000,-2.494578,0.993828
2025-09-29 16:41:29.391407,R_100,macd_adv,sell,1.0,992.707795,996.702499,991.704397,996.204397,closed,tp,1.000000,-4.989410,0.994705
2025-09-29 17:00:29.391407,R_100,macd_adv,buy,1.0,992.899219,991.398469,990.903018,995.403018,closed,sl,1.000000,-2.492899,0.992149
2025-09-29 17:06:29.391407,R_100,macd_adv,sell,1.0,992.798726,996.793521,991.795374,996.295374,closed,tp,1.000000,-4.989591,0.994796
2025-09-29 17:17:29.391407,R_100,macd_adv,buy,1.0,990.440110,988.939360,988.445137,992.945137,closed,sl,1.000000,-2.490440,0.989690
2025-09-29 17:41:29.391407,R_100,macd_adv,sell,1.0,986.579115,990.567687,985.572651,990.072651,closed,tp,1.000000,-4.977146,0.988573
2025-09-29 17:59:29.391407,R_100,macd_adv,buy,1.0,989.293356,987.792606,987.298956,991.798956,closed,sl,1.000000,-2.489293,0.988543
2025-09-29 18:13:29.391407,R_100,macd_adv,sell,1.0,986.261125,990.249379,985.254502,989.754502,closed,tp,1.000000,-4.976510,0.988255
2025-09-29 18:26:29.391407,R_100,macd_adv,buy,1.0,994.520213,993.019463,992.523201,997.023201,closed,sl,1.000000,-2.494520,0.993770
2025-09-29 18:27:29.391407,R_100,macd_adv,sell,1.0,994.159430,998.155587,993.156758,997.656758,closed,tp,1.000000,-4.992314,0.996158
2025-09-29 18:36:29.391407,R_100,macd_adv,buy,1.0,988.040209,986.539459,986.046435,990.546435,closed,sl,1.000000,-2.488040,0.987290
2025-09-29 18:57:29.391407,R_100,macd_adv,sell,1.0,988.152759,992.142906,987.147082,991.647082,closed,tp,1.000000,-4.980295,0.990148
2025-09-29 19:19:29.391407,R_100,macd_adv,buy,1.0,981.062645,983.080572,979.072358,983.572358,closed,tp,1.000000,1.035856,0.982072
2025-09-29 19:31:29.391407,R_100,macd_adv,sell,1.0,981.778901,985.762671,980.770036,985.270036,closed,tp,1.000000,-4.967541,0.983771
2025-09-29 20:12:29.391407,R_100,macd_adv,buy,1.0,988.268642,986.767892,986.274754,990.774754,closed,sl,1.000000,-2.488268,0.987518
2025-09-29 20:26:29.391407,R_100,macd_adv,sell,1.0,981.648981,985.632621,980.640051,985.140051,closed,tp,1.000000,-4.967281,0.983641
2025-09-29 20:33:29.391407,R_100,macd_adv,buy,1.0,982.574503,981.073753,980.583461,985.083461,closed,sl,1.000000,-2.482574,0.981824
2025-09-29 20:54:29.391407,R_100,macd_adv,sell,1.0,972.626258,976.600871,971.612815,976.112815,closed,tp,1.000000,-4.949226,0.974614
2025-09-29 21:27:29.391407,R_100,macd_adv,buy,1.0,969.812526,968.311776,967.827862,972.327862,closed,sl,1.000000,-2.469812,0.969062
2025-09-29 21:56:29.391407,R_100,macd_adv,sell,1.0,969.482491,973.453958,968.467474,972.967474,closed,tp,1.000000,-4.942936,0.971468
2025-09-29 22:13:29.391407,R_100,macd_adv,buy,1.0,976.772059,975.271309,974.783917,979.283917,closed,sl,1.000000,-2.476772,0.976022
2025-09-29 22:24:29.391407,R_100,macd_adv,sell,1.0,975.312488,979.289788,974.300388,978.800388,closed,tp,1.000000,-4.954602,0.977301
2025-09-29 22:26:29.391407,R_100,macd_adv,buy,1.0,976.910823,978.932900,974.922611,979.422611,closed,tp,1.000000,1.044156,0.977922
2025-09-29 23:08:29.391407,R_100,macd_adv,sell,1.0,980.330236,984.312557,979.320647,983.820647,closed,tp,1.000000,-4.964642,0.982321
2025-09-29 23:13:29.391407,R_100,macd_adv,buy,1.0,980.097526,982.116418,978.107722,982.607722,closed,tp,1.000000,1.037785,0.981107
2025-09-29 23:14:29.391407,R_100,macd_adv,sell,1.0,980.056627,984.038674,979.046900,983.546900,closed,tp,1.000000,-4.964095,0.982048
2025-09-29 23:39:29.391407,R_100,macd_adv,buy,1.0,975.708268,977.731548,973.720658,978.220658,closed,tp,1.000000,1.046559,0.976720
2025-09-29 23:49:29.391407,R_100,macd_adv,sell,1.0,973.435921,977.411344,972.422882,976.922882,closed,tp,1.000000,-4.950847,0.975424
2025-09-29 23:50:29.391407,R_100,macd_adv,buy,1.0,973.851610,975.876745,971.864927,976.364927,closed,tp,1.000000,1.050271,0.974864
